Ten DN/Địa điểm,DiaChi,Latitude,Longitude
Nhà Văn Hóa Thanh Niên – Hầm tòa nhà Kumho đối diện Lãnh sự quán Mỹ (đến 6 giờ chiều),"4 Phạm Ngọc Thạch, Bến Nghé, Quận 1, Hồ Chí Minh 700000, Vietnam",10.7816415,106.6975222
Vincom Center ,"72 Đ. Lê Thánh Tôn, Bến Nghé, Quận 1, Hồ Chí Minh, Việt Nam",10.7780283,106.7019909
Ngã 3 Hồ Huấn nghiệp và Đồng Khởi,"26 Đ. Đồng Khởi, Quan 1, Quận 1, Hồ Chí Minh, Việt Nam",10.7744331,106.7051053
Thảo Cầm Viên,"2 Đ. Nguyễn Bỉnh Khiêm, Bến Nghé, Quận 1, Hồ Chí Minh 700000, Việt Nam",10.7880351,106.7035736
,"43-45-47 Đ. Nguyễn Thị Minh Khai, Bến Nghé, Quận 1, Hồ Chí Minh, Việt Nam",10.780708,106.696457
Sau lưng Nhà hát lớn,"07 Công trường Lam Sơn, Bến Nghé, Quận 1, Hồ Chí Minh 710212, Việt Nam",10.7766297,106.7039912
Ngã 4 Hai Bà Trưng và Lê Duẩn,"39 Đ. Lê Duẩn, Bến Nghé, Quận 1, Hồ Chí Minh, Việt Nam",10.7815654,106.7000672
Galaxy Nguyễn Du,"116 Đ. Nguyễn Du, Phường Bến Thành, Quận 1, Hồ Chí Minh, Việt Nam",10.7733159,106.6932644
Bãi xe 225 Trần Hưng Đạo,"225 Đ. Trần Hưng Đạo, Phường Cô Giang, Quận 1, Hồ Chí Minh, Việt Nam",10.7653317,106.693287
326 đường Võ Văn Kiệt Bãi đậu xe 10 tầng,"326 Đ. Võ Văn Kiệt, Phường Cô Giang, Quận 1, Hồ Chí Minh, Việt Nam",10.7624427,106.6953623
Bãi giữ xe trên đường Trần Đình Xu ,"44 Trần Đình Xu, Phường Cô Giang, Quận 1, Hồ Chí Minh",10.7599255,106.6920225
Sát ngã 3 Phan Kế Bính & Nguyễn Đình Chiểu,"58 Nguyễn Đình Chiểu, Đa Kao, Quận 1, Hồ Chí Minh 71007, Việt Nam",10.7891193,106.6999228
"Khu Ngân hàng ACB cũ, số 30 Mạc Đĩnh Chi","30 Đ. Mạc Đĩnh Chi, Đa Kao, Quận 1, Hồ Chí Minh, Việt Nam",10.785919,106.6984544
32 Nguyễn Bỉnh Khiêm,"32 Đ. Nguyễn Bỉnh Khiêm, Đa Kao, Quận 1, Hồ Chí Minh 710700, Việt Nam",10.7912056,106.7010514
Bãi ở góc Trần Hưng Đạo – Nguyễn Cư Trinh,"148 Trần Hưng Đạo, Boulevard, Quận 1, Hồ Chí Minh 070000, Việt Nam",10.7643018,106.6917231
181 Đ. Cống Quỳnh,"181 Đ. Cống Quỳnh, Phường Nguyễn Cư Trinh, Quận 1, Hồ Chí Minh, Việt Nam",10.766692,106.6877655
Ngã 4 Võ Văn Kiệt,"80 Đ. Võ Văn Kiệt, Phường Nguyễn Thái Bình, Quận 1, Hồ Chí Minh, Việt Nam",10.7658902,106.7005239
55 Trần Nhật Duật,"55 Đ. Trần Nhật Duật, Phường Tân Định, Quận 1, Hồ Chí Minh 71008, Việt Nam",10.7942896,106.6894868
63 Đường Võ Văn Kiệt,"63 Đ. Võ Văn Kiệt, Phường Nguyễn Thái Bình, Quận 1, Hồ Chí Minh, Việt Nam",10.7667984,106.7010399
CÔNG TY CỔ PHẦN ĐẦU TƯ PHÁT TRIỂN TM VÀ DV CHÂU GIA,"68 Nguyễn Huệ, Phường Bến Nghé, Quận 1, Thành phố Hồ Chí Minh, Việt Nam",10.7747583,106.7032908
CÔNG TY TNHH MỘT THÀNH VIÊN KINH DOANH TIỆN LỢI SÀI GÒN CO.OP,"199-205 Nguyễn Thái Học, Phường Phạm Ngũ Lão, Quận 1, Thành phố Hồ Chí Minh, Việt Nam",10.7688657,106.6946459
CÔNG TY TNHH TM DV HÀ PHẠM,"145 Điện Biên Phủ, Phường Đa Kao, Quận 1, Thành phố Hồ Chí Minh, Việt Nam",10.7885871,106.6958805
CÔNG TY CỔ PHẦN THƯƠNG MẠI - DỊCH VỤ - XÂY DỰNG BẤT ĐỘNG SẢN MÉT VUÔNG VÀNG,"L17-11 Tầng 17, Tòa nhà Vincom Center, Số 72 Lê Thánh Tôn, Phường Bến Nghé, Quận 1, Thành phố Hồ Chí Minh, Việt Nam",10.7780202,106.7019901
CÔNG TY TNHH MATXI CORP,"Số 22 đường Võ Văn Kiệt, Phường Nguyễn Thái Bình, Quận 1, Thành phố Hồ Chí Minh, Việt Nam",10.7675141,106.7013112
CÔNG TY TNHH SKYMART,"Số 83A đường Trần Quang Khải, Phường Tân Định, Quận 1, Thành phố Hồ Chí Minh, Việt Nam",10.7920164,106.6932712
CÔNG TY CP THƯƠNG MẠI INTERTRADE,"Phòng 705, Tầng 7, Tòa nhà Landmark, 5B Tôn Đức Thắng, Phường Bến Nghé, Quận 1, Thành phố Hồ Chí Minh, Việt Nam",10.7894222,106.7013212
CÔNG TY CỔ PHẦN ĐẦU TƯ HNSG,"Số 50A Đặng Dung, Phường Tân Định, Quận 1, Thành phố Hồ Chí Minh, Việt Nam",10.792501,106.688895
CÔNG TY CỔ PHẦN ĐẦU TƯ -TÀI CHÍNH MINH THÀNH CÔNG,"54 Phạm Hồng Thái, Phường Bến Nghé, Quận 1, Thành phố Hồ Chí Minh, Việt Nam",10.7715482,106.6944746
CÔNG TY TNHH THƯƠNG MẠI DỊCH VỤ QUẢN LÝ NAM SƠN,"Tầng 5, 36 Mạc Đĩnh Chi, Phường Đa Kao, Quận 1, Thành phố Hồ Chí Minh, Việt Nam",10.7847504,106.6991051
CÔNG TY CỔ PHẦN THƯƠNG MẠI DỊCH VỤ ĐẦU TƯ TRÂM ANH GROUP,"200 Nguyễn Cư Trinh, Phường Nguyễn Cư Trinh, Quận 1, Thành phố Hồ Chí Minh, Việt Nam",10.7631732,106.6879407
CÔNG TY CỔ PHẦN THE ADAM GLOBAL,"9 Võ Thị Sáu, Phường Đa Kao, Quận 1, Thành phố Hồ Chí Minh, Việt Nam",10.791171,106.69542
CÔNG TY TNHH ĐẦU TƯ BẤT ĐỘNG SẢN HOMEGUIDE VIETNAM,"Số 68 Nguyễn Huệ , Phường Bến Nghé, Quận 1, Thành phố Hồ Chí Minh, Việt Nam",10.7747583,106.7032908
CÔNG TY CỔ PHẦN CÔNG NGHỆ THỊNH TRÍ,"Số 6, Tầng 15, Tòa nhà Lux6, Số 02 Tôn Đức Thắng, Phường Bến Nghé, Quận 1, Thành phố Hồ Chí Minh, Việt Nam",10.7766308,106.7066406
CÔNG TY CỔ PHẦN TẬP ĐOÀN NAM MIỀN TRUNG GROUP,"113 Trần Hưng Đạo, Phường Cầu Ông Lãnh, Quận 1, Thành phố Hồ Chí Minh, Việt Nam",10.7673041,106.6950838
CÔNG TY TNHH ĐẦU TƯ CÔNG NGHỆ MINH ANH,"39B Đường Cô Bắc, Phường Cầu Ông Lãnh, Quận 1, Thành phố Hồ Chí Minh, Việt Nam",10.7651221,106.6953483
CÔNG TY TNHH  AFFLUENT PINE (VIETNAM),"Tầng 5&6, Tòa nhà Fimexco, 231-233 Lê Thánh Tôn, Phường Bến Thành, Quận 1, Thành phố Hồ Chí Minh, Việt Nam",10.7722556,106.6963959
CÔNG TY CỔ PHẦN AFG VIETNAM,"Lầu 1, Số 117-119-121 Nguyễn Du, Phường Bến Thành, Quận 1, Thành phố Hồ Chí Minh, Việt Nam",10.7776695,106.6984248
CÔNG TY TNHH CÁT TƯỜNG THIÊN LONG,"Số 156 Trần Quang Khải, Phường Tân Định, Quận 1, Thành phố Hồ Chí Minh, Việt Nam",10.7914801,106.6908583
CÔNG TY TNHH GS 25 VIETNAM,"138-142 Hai Bà Trưng, Phường Đa Kao, Quận 1, Thành phố Hồ Chí Minh, Việt Nam",10.7844921,106.6966521
CÔNG TY TNHH ĐẦU TƯ NAM THÁI GROUP,"Lầu 8, Tòa nhà Vietnam Business, 57-59 Hồ Tùng Mậu, Phường Bến Nghé, Quận 1, Thành phố Hồ Chí Minh, Việt Nam",10.7717231,106.703804
CÔNG TY TNHH KINH DOANH VÀ PHÁT TRIỂN NHÀ ASIANA HOUSE,"Lầu 7, 179 Nguyễn Cư Trinh, Phường Nguyễn Cư Trinh, Quận 1, Thành phố Hồ Chí Minh, Việt Nam",10.7626651,106.6892523
CÔNG TY TNHH DỊCH VỤ - TƯ VẤN - ĐẦU TƯ HK,"187/7 Điện Biên Phủ, Phường Đa Kao, Quận 1, Thành phố Hồ Chí Minh, Việt Nam",10.7866226,106.6944491
CÔNG TY CỔ PHẦN HD VIETNAM INVESTMENT,"Tầng 14, Tòa nhà Vincom Center, 72 Lê Thánh Tôn, Phường Bến Nghé, Quận 1, Thành phố Hồ Chí Minh, Việt Nam",10.7780202,106.7019901
CÔNG TY TNHH KỸ THUẬT VÀ XÂY DỰNG SONG NAM,"60 Nguyễn Văn Thủ, Phường Đa Kao, Quận 1, Thành phố Hồ Chí Minh, Việt Nam",10.7903446,106.6990813
CÔNG TY TNHH THƯƠNG MẠI DỊCH VỤ HÀNG KHÔNG BLUE SKY,"102Bis Nguyễn Đình Chiểu, Phường Đa Kao, Quận 1, Thành phố Hồ Chí Minh, Việt Nam",10.7873633,106.6984882
CÔNG TY CỔ PHẦN VẠN THƯƠNG SÀI GÒN,"Số 197 Nguyễn Thị Minh Khai, Phường Nguyễn Cư Trinh, Quận 1, Thành phố Hồ Chí Minh, Việt Nam",10.7680776,106.6845602
CÔNG TY CỔ PHẦN GADA HOLDING,"63 Pasteur, Phường Bến Nghé, Quận 1, Thành phố Hồ Chí Minh, Việt Nam",10.7749521,106.700608
CÔNG TY CỔ PHẦN PHÁT TRIỂN NHÀ LẠNG SƠN,"VICTORIA 12, VILLA BASON – GOLDEN RIVER, Số 2 Tôn Đức Thắng,, Phường Bến Nghé, Quận 1, Thành phố Hồ Chí Minh, Việt Nam",10.7826169,106.7067407
CÔNG TY TNHH SÀI GÒN MASTER,"31 Nam Kỳ Khởi Nghĩa, Phường Nguyễn Thái Bình, Quận 1, Thành phố Hồ Chí Minh, Việt Nam",10.7693513,106.7016042
CÔNG TY CỔ PHẦN DỊCH VỤ ĐẦU TƯ TOÀN GIA PHÁT,"28 Trần Hưng Đạo, Phường Phạm Ngũ Lão, Quận 1, Thành phố Hồ Chí Minh, Việt Nam",10.7674127,106.6944926
CÔNG TY CỔ PHẦN BẤT ĐỘNG SẢN MEGA,"Tầng 1, Tòa nhà Packsimex, 52 Đông Du, Phường Bến Nghé, Quận 1, Thành phố Hồ Chí Minh, Việt Nam",10.7763276,106.7046907
CÔNG TY TNHH XÂY DỰNG VÀ THƯƠNG MẠI TRƯỜNG THỌ LỘC,"Số 20, Đường Pastuer, Phường Nguyễn Thái Bình, Quận 1, Thành phố Hồ Chí Minh, Việt Nam",10.7701726,106.7030616
CÔNG TY TNHH ĐẦU TƯ QUỐC TẾ IIL,"123 Lê Thị Hồng Gấm, Phường Cầu Ông Lãnh, Quận 1, Thành phố Hồ Chí Minh, Việt Nam",10.767807,106.696599
CÔNG TY TNHH THƯƠNG MẠI -VẬN TẢI MỸ TOÀN,"142/24 Võ Văn Kiệt, Phường Nguyễn Thái Bình, Quận 1, Thành phố Hồ Chí Minh, Việt Nam",10.7652733,106.6993815
CÔNG TY CỔ PHẦN CÔNG NGHỆ NEWLAND,"110 Điện Biên Phủ, Phường Đa Kao, Quận 1, Thành phố Hồ Chí Minh, Việt Nam",10.7897539,106.6967097
CÔNG TY TNHH VN ALL IN NETWORK,"81 Cách Mạng Tháng Tám, Phường Bến Thành, Quận 1, Thành phố Hồ Chí Minh, Việt Nam",10.7720656,106.6918859
CÔNG TY CỔ PHẦN ĐẦU TƯ PHÁT TRIỂN TÂN KHỞI NGUYÊN,"Lầu 1, số 170 Bùi Thị Xuân, Phường Phạm Ngũ Lão, Quận 1, Thành phố Hồ Chí Minh, Việt Nam",10.76975,106.687755
CÔNG TY TNHH ĐẦU TƯ NHAN GIA,"Lầu 1, 156 Nam Kỳ Khởi Nghĩa, Phường Bến Nghé, Quận 1, Thành phố Hồ Chí Minh, Việt Nam",10.7704497,106.7017424
CÔNG TY TNHH WIN WIN GROUP,"Số 212B/D89 Nguyễn Trãi, Phường Nguyễn Cư Trinh, Quận 1, Thành phố Hồ Chí Minh, Việt Nam",10.7652097,106.6857487
CÔNG TY TNHH DỊCH VỤ GIÓ VIỆT,"Lầu 23 Tòa Nhà A & B, Số 76A Lê Lai, Phường Bến Thành, Quận 1, Thành phố Hồ Chí Minh, Việt Nam",10.7705592,106.6943807
CÔNG TY CỔ PHẦN FUJI NUTRI FOOD,"65 Nguyễn Du, Phường Bến Nghé, Quận 1, Thành phố Hồ Chí Minh, Việt Nam",10.7779958,106.6994657
CÔNG TY CỔ PHẦN UNITED PARTNERS SOLUTIONS (VIỆT NAM),"Số 207A Nguyễn Văn Thủ, Phường Đa Kao, Quận 1, Thành phố Hồ Chí Minh, Việt Nam",10.787104,106.6964181
CÔNG TY CỔ PHẦN KINH DOANH VÀ ĐẦU TƯ XÂY DỰNG TTP 268,"5/62 Nguyễn Trung Ngạn, Phường Bến Nghé, Quận 1, Thành phố Hồ Chí Minh, Việt Nam",10.7838477,106.7057277
CÔNG TY TNHH THƯƠNG MẠI VÀ DỊCH VỤ VIETNAM BOUND,"Tầng 1, Tòa nhà Packsimex, 52 Đông Du, Phường Bến Nghé, Quận 1, Thành phố Hồ Chí Minh, Việt Nam",10.7763276,106.7046907
CÔNG TY TNHH XUẤT NHẬP KHẨU REDLINE,"157B Cô Bắc, Phường Cô Giang, Quận 1, Thành phố Hồ Chí Minh, Việt Nam",10.7629834,106.6927204
CÔNG TY TNHH THƯỢNG THÔNG,"53, Lê Thị Hồng Gấm, Phường Nguyễn Thái Bình, Quận 1, Thành phố Hồ Chí Minh, Việt Nam",10.7688526,106.6977231
CÔNG TY CỔ PHẦN CÔNG NGHỆ SINH HỌC - THƯƠNG MẠI  PHÚ GIA HÀO,"32 Phùng Khắc Khoan, Phường Đa Kao, Quận 1, Thành phố Hồ Chí Minh, Việt Nam",10.7866135,106.6961799
CÔNG TY TNHH CUNG ỨNG VẬT TƯ VÀ DỊCH VỤ GID,"Số 97C Nguyễn Du , Phường Bến Thành, Quận 1, Thành phố Hồ Chí Minh, Việt Nam",10.7752479,106.6971022
CÔNG TY TNHH VINAM SÀI GÒN,"03 Phan Văn Đạt, Phường Bến Nghé, Quận 1, Thành phố Hồ Chí Minh, Việt Nam",10.7752619,106.7051336
CÔNG TY TNHH DỊCH VỤ TL,"32 Mạc Đĩnh Chi và 106A Nguyễn Đình Chiểu , Phường Đa Kao, Quận 1, Thành phố Hồ Chí Minh, Việt Nam",10.7866889,106.6975917
CÔNG TY CỔ PHẦN ĐẦU TƯ QUỐC TẾ VNC,"30A Hồ Hảo Hớn , Phường Cô Giang, Quận 1, Thành phố Hồ Chí Minh, Việt Nam",10.7607479,106.6931166
CÔNG TY CỔ PHẦN ĐẦU TƯ VÀ KINH DOANH BẤT ĐỘNG SẢN K16,"163 Đinh Tiên Hoàng, Phường Đa Kao, Quận 1, Thành phố Hồ Chí Minh, Việt Nam",10.7911807,106.6964485
CÔNG TY CỔ PHẦN  PACIFIC FOODS,"170-170 Bis Bùi Thị Xuân, Phường Phạm Ngũ Lão, Quận 1, Thành phố Hồ Chí Minh, Việt Nam",10.7699949,106.6886078
CÔNG TY CỔ PHẦN PHÁT TRIỂN ERA GROUP,"62 Trần Quang Khải, Phường Tân Định, Quận 1, Thành phố Hồ Chí Minh, Việt Nam",10.792708,106.6939768
CÔNG TY TNHH XÂY DỰNG & XUẤT NHẬP KHẨU TỔNG HỢP MINH QUYỀN,"55 Nguyễn Thị Minh Khai, Phường Bến Nghé, Quận 1, Thành phố Hồ Chí Minh, Việt Nam",10.7796442,106.695188
CÔNG TY TNHH CÔNG NGHỆ TÀI CHÍNH THẾ GIỚI DI ĐỘNG,"128, Trần Quang Khải, Phường Tân Định, Quận 1, Thành phố Hồ Chí Minh, Việt Nam",10.7921819,106.6918383
CÔNG TY TNHH TM DV XD KHANG NAM,"134 Nguyễn Thái Học, Phường Phạm Ngũ Lão, Quận 1, Thành phố Hồ Chí Minh, Việt Nam",10.7689383,106.695201
CÔNG TY TNHH TƯ VẤN ĐẦU TƯ VÀ THƯƠNG MẠI FINNS,"Tầng 1, Số 04 Nguyễn Thị Minh Khai , Phường Đa Kao, Quận 1, Thành phố Hồ Chí Minh, Việt Nam",10.7855747,106.700286
CÔNG TY CỔ PHẦN DỊCH VỤ THƯƠNG MẠI THỦY DUYÊN,"70B/1 Nguyễn Phi Khanh, Phường Tân Định, Quận 1, Thành phố Hồ Chí Minh, Việt Nam",10.7919534,106.693503
CÔNG TY TNHH QUẢN LÝ VÀ ĐẦU TƯ MUA BÁN NỢ VIỆT NAM,"L18-11-13, Tầng 18, Tòa nhà Vincom Center Đồng Khởi, số 72 Lê Thánh Tôn, Phường Bến Nghé, Quận 1, Thành phố Hồ Chí Minh, Việt Nam",10.7779716,106.7016504
CÔNG TY TNHH KKMAC,"34/1A Trần Khánh Dư, Phường Tân Định, Quận 1, Thành phố Hồ Chí Minh, Việt Nam",10.7939988,106.6883022
CÔNG TY TNHH TRUYỀN THÔNG - TIẾP THỊ BẰNG AN,"5A Phan Kế Bính, Phường Đa Kao, Quận 1, Thành phố Hồ Chí Minh, Việt Nam",10.7894608,106.6996245
CÔNG TY TNHH THƯƠNG MẠI DỊCH VỤ XUẤT NHẬP KHẨU GROVE VIỆT NAM,"Số 8 Đường Nguyễn Huệ, Phường Bến Nghé, Quận 1, Thành phố Hồ Chí Minh, Việt Nam",10.7728938,106.7056351
CÔNG TY TNHH DỊCH VỤ CĂN HỘ KHÁCH SẠN MIHOKI,"Tầng 16 Tòa nhà Saigon Tower, 29 Lê Duẩn, Phường Bến Nghé, Quận 1, Thành phố Hồ Chí Minh, Việt Nam",10.7826665,106.7012126
CÔNG TY TNHH MỘT THÀNH VIÊN CO.OP FINELIFE,"199-205 Nguyễn Thái Học, Phường Phạm Ngũ Lão, Quận 1, Thành phố Hồ Chí Minh, Việt Nam",10.7688657,106.6946459
CÔNG TY TNHH ĐẦU TƯ BẤT ĐỘNG SẢN THIÊN AN,"50 Tôn Thất Đạm, Phường Nguyễn Thái Bình, Quận 1, Thành phố Hồ Chí Minh, Việt Nam",10.7704382,106.7037961
CÔNG TY CỔ PHẦN ĐẦU TƯ MỸ PHẨM VÀ THỜI TRANG QUỐC TẾ,"Số 8 Nguyễn Trãi, Phường Bến Thành, Quận 1, Thành phố Hồ Chí Minh, Việt Nam",10.7709468,106.6930739
CÔNG TY CỔ PHẦN GIC LAND GROUP,"156 Trần Quang Khải, Phường Tân Định, Quận 1, Thành phố Hồ Chí Minh, Việt Nam",10.7914801,106.6908583
CÔNG TY CỔ PHẦN SAIGONRED,"Số 40C  Lý Tự Trọng, Phường Bến Nghé, Quận 1, Thành phố Hồ Chí Minh, Việt Nam",10.777138,106.7001389
CÔNG TY CỔ PHẦN THƯƠNG MẠI DỊCH VỤ VÀ XUẤT NHẬP KHẨU ĐẦU TƯ AN GIA,"32 Phùng  Khắc Khoan, Phường Đa Kao, Quận 1, Thành phố Hồ Chí Minh, Việt Nam",10.7866135,106.6961799
CÔNG TY TNHH ĐÀI VIỆT MILAN,"Căn hộ số A233OT12, Tầng 33, Tòa A2 Vinhomes Golden River, Số 02 Tôn Đức Thắng, Phường Bến Nghé, Quận 1, Thành phố Hồ Chí Minh, Việt Nam",10.7867421,106.710601
CÔNG TY TNHH ĐẦU TƯ GIA HƯNG HKC,"L17-11 Tầng 17, Toà Nhà Vincomcenter , 72 Lê Thánh Tôn , Phường Bến Nghé, Quận 1, Thành phố Hồ Chí Minh, Việt Nam",10.7775769,106.70161
CÔNG TY CỔ PHẦN MATXI KIDS,"Số 22 đường Võ Văn Kiệt, Phường Nguyễn Thái Bình, Quận 1, Thành phố Hồ Chí Minh, Việt Nam",10.7675141,106.7013112
CÔNG TY TNHH ĐẦU TƯ XÂY DỰNG BẤT ĐỘNG SẢN DUBAILAND,"30/10 Phó Đức Chính, Phường Nguyễn Thái Bình, Quận 1, Thành phố Hồ Chí Minh, Việt Nam",10.768807,106.700726
CÔNG TY CỔ PHẦN  INTOUCH,"Số 68 Nguyễn Huệ, Phường Bến Nghé, Quận 1, Thành phố Hồ Chí Minh, Việt Nam",10.7747583,106.7032908
CÔNG TY CỔ PHẦN ĐẦU TƯ VIVI CAPITAL HOLDINGS,"L18-11-13 Tầng 18, Tòa nhà Vincom Center Đồng Khởi, 72 Lê Thánh Tôn, Phường Bến Nghé, Quận 1, Thành phố Hồ Chí Minh, Việt Nam",10.7779716,106.7016504
CÔNG TY CỔ PHẦN ĐẦU TƯ BÌNH AN GROUP,"Tầng 15, Tòa Nhà TNR Tower, Số 180-192 Nguyễn Công Trứ, Phường Nguyễn Thái Bình, Quận 1, Thành phố Hồ Chí Minh, Việt Nam",10.7686477,106.7010975
CÔNG TY CỔ PHẦN ĐẦU TƯ XÂY LẮP VÀ THƯƠNG MẠI HẢI ÂU,"73/4 Hồ Hảo Hớn, Phường Cô Giang, Quận 1, Thành phố Hồ Chí Minh, Việt Nam",10.7621329,106.6911358
CÔNG TY CỔ PHẦN HÒN BAY,"25 Lưu Văn Lang, Phường Bến Thành, Quận 1, Thành phố Hồ Chí Minh, Việt Nam",10.7731947,106.6991135
CÔNG TY TNHH ĐẦU TƯ THƯƠNG MẠI VẠN ĐẠI,"9 Phan Kế Bính, Phường Đa Kao, Quận 1, Thành phố Hồ Chí Minh, Việt Nam",10.7894626,106.6994851
CÔNG TY CỔ PHẦN DỊCH VỤ THƯƠNG MẠI DU LỊCH FREE WAY,"115 Trần Hưng Đạo, Phường Cầu Ông Lãnh, Quận 1, Thành phố Hồ Chí Minh, Việt Nam",10.7672976,106.6950914
CÔNG TY TNHH THƯƠNG MẠI DU LỊCH HANA YUKI,"Lầu 1, 170-170bis Bùi Thị Xuân, Phường Phạm Ngũ Lão, Quận 1, Thành phố Hồ Chí Minh, Việt Nam",10.7699949,106.6886078
CÔNG TY TNHH ĐẦU TƯ THƯƠNG MẠI SÀI GÒN LAND,"156 Trần Quang Khải , Phường Tân Định, Quận 1, Thành phố Hồ Chí Minh, Việt Nam",10.7914801,106.6908583
CÔNG TY CỔ PHẦN KHÔNG GIAN CHIA SẺ,"92-94-96-98-100/2 Nguyễn Công Trứ, Phường Nguyễn Thái Bình, Quận 1, Thành phố Hồ Chí Minh, Việt Nam",10.769606,106.702612
CÔNG TY CỔ PHẦN QUẢN LÝ QUỸ ĐẦU TƯ FUDU BANK,"Số 10A, Nguyễn Thị Minh Khai, Phường Đa Kao, Quận 1, Thành phố Hồ Chí Minh, Việt Nam",10.7882534,106.7028941
CÔNG TY CỔ PHẦN TDGROUP,"Tòa nhà Pax Sky, 51 Nguyễn Cư Trinh, Phường Nguyễn Cư Trinh, Quận 1, Thành phố Hồ Chí Minh, Việt Nam",10.7639664,106.6911257
CÔNG TY TNHH MỘT THÀNH VIÊN TƯ VẤN ĐẦU TƯ THỰC TẾ,"33/2 Lý Văn Phức, Phường Tân Định, Quận 1, Thành phố Hồ Chí Minh, Việt Nam",10.7908551,106.6937154
CÔNG TY TNHH ĐẦU TƯ REALUX,"Số 2 Phùng Khắc Khoan, Phường Đa Kao, Quận 1, Thành phố Hồ Chí Minh, Việt Nam",10.7839427,106.6988143
CÔNG TY TNHH MTV THƯƠNG MẠI VÀ DỊCH VỤ KHỞI NGUYÊN,"Số 10A Đường Nguyễn Thị Minh Khai, Phường Đa Kao, Quận 1, Thành phố Hồ Chí Minh, Việt Nam",10.7882534,106.7028941
CÔNG TY TNHH ASEAN BÌNH MINH,"Tầng 17, Phòng 11 Tòa nhà Vincom Center Đồng Khởi, Số 72 Lê Thánh Tôn, Phường Bến Nghé, Quận 1, Thành phố Hồ Chí Minh, Việt Nam",10.7779716,106.7016504
CÔNG TY CỔ PHẦN BEST FRESH FIELDS,"65 Nguyễn Hữu Cầu, Phường Tân Định, Quận 1, Thành phố Hồ Chí Minh, Việt Nam",10.7905929,106.6909799
CÔNG TY TNHH OTOGO VIỆT NAM,"236/10 Nguyễn Trãi, Phường Nguyễn Cư Trinh, Quận 1, Thành phố Hồ Chí Minh, Việt Nam",10.7594126,106.6845257
CÔNG TY TNHH XUẤT NHẬP KHẨU NGỌC PHƯƠNG NAM,"25A Mai Thị Lựu, Phường Đa Kao, Quận 1, Thành phố Hồ Chí Minh, Việt Nam",10.7907629,106.6994804
CÔNG TY CỔ PHẦN TẬP ĐOÀN ABBGROUP,"Saigon Tower - 29 Lê Duẩn, Phường Bến Nghé, Quận 1, Thành phố Hồ Chí Minh, Việt Nam",10.7826665,106.7012126
CÔNG TY CỔ PHẦN  ĐỖ ĐẦU SÀI GÒN,"166 Nguyễn Công Trứ, Phường Nguyễn Thái Bình, Quận 1, Thành phố Hồ Chí Minh, Việt Nam",10.768778,106.701284
CÔNG TY CP TBRAND,"L17-11 Tầng 17, Tòa nhà Vincom Center, 72 Lê Thánh Tôn, Phường Bến Nghé, Quận 1, Thành phố Hồ Chí Minh, Việt Nam",10.7780202,106.7019901
CÔNG TY CỔ PHẦN ĐẦU TƯ XÂY DỰNG ĐỊA ỐC BNG,"226 Võ Văn Kiệt, Phường Cầu Ông Lãnh, Quận 1, Thành phố Hồ Chí Minh, Việt Nam",10.7646525,106.6989053
CÔNG TY CỔ PHẦN DỊCH VỤ - ĐẦU TƯ THIÊN HOÀNG,"64 Nguyễn Đình Chiểu, Phường Đa Kao, Quận 1, Thành phố Hồ Chí Minh, Việt Nam",10.7885046,106.6993671
CÔNG TY TNHH GLOBAL HERBAL ORGANIZATION,"68/7 Trần Quang Khải, Phường Tân Định, Quận 1, Thành phố Hồ Chí Minh, Việt Nam",10.792815,106.6934757
CÔNG TY CỔ PHẦN ĐẦU TƯ SKY MAX,"Phòng 301A, Toà nhà Kim Đô Office, Số 123 Lê Lợi, Phường Bến Thành, Quận 1, Thành phố Hồ Chí Minh, Việt Nam",10.772389,106.6996749
CÔNG TY TNHH KHO CẢNG XĂNG DẦU NHƠN TRẠCH,"19/45 Trần Đình Xu, Phường Cầu Kho, Quận 1, Thành phố Hồ Chí Minh, Việt Nam",10.7590273,106.6909808
CÔNG TY TNHH TM DV SƠN LONG,"63 Đinh Công Tráng , Phường Tân Định, Quận 1, Thành phố Hồ Chí Minh, Việt Nam",10.7891098,106.6916578
CÔNG TY TNHH PHÁT TRIỂN ĐẦU TƯ DỊCH VỤ NGỌC ANH,"99 Sương Nguyệt Ánh, Phường Bến Thành, Quận 1, Thành phố Hồ Chí Minh, Việt Nam",10.7707955,106.6882546
CÔNG TY CỔ PHẦN ĐẦU TƯ PHÁT TRIỂN HẠ TẦNG ĐÔNG TÂY,"Số 130 Nguyễn Công Trứ, Phường Nguyễn Thái Bình, Quận 1, Thành phố Hồ Chí Minh, Việt Nam",10.769304,106.701912
CÔNG TY TNHH LOTTE LAND,"Phòng 703, Tầng 7, Tòa nhà Diamond Plaza, số 34 Lê Duẩn, Phường Bến Nghé, Quận 1, Thành phố Hồ Chí Minh, Việt Nam",10.780987,106.6984947
CÔNG TY CỔ PHẦN ĐẦU TƯ GREEN LAND WORLD,"234 Đinh Tiên Hoàng, Phường Đa Kao, Quận 1, Thành phố Hồ Chí Minh, Việt Nam",10.7925958,106.6960584
CÔNG TY TNHH TM DV SƠN HỒNG,"222 Hai Bà Trưng, Phường Tân Định, Quận 1, Thành phố Hồ Chí Minh, Việt Nam",10.788309,106.6916655
CÔNG TY TNHH VNTES,"63A Đường Nam Kỳ Khởi Nghĩa , Phường Bến Thành, Quận 1, Thành phố Hồ Chí Minh, Việt Nam",10.7720699,106.7005582
CÔNG TY CP ĐẦU TƯ BẤT ĐỘNG SẢN THULAND,"Số 27/2 Võ Thị Sáu, Phường Đa Kao, Quận 1, Thành phố Hồ Chí Minh, Việt Nam",10.790833,106.6955152
CÔNG TY TNHH BẤT ĐỘNG SẢN SKY INVEST,"Tầng 8, Tòa nhà Le Meridien, Số 3C Tôn Đức Thắng, Phường Bến Nghé, Quận 1, Thành phố Hồ Chí Minh, Việt Nam",10.7797911,106.7075282
CÔNG TY CỔ PHẦN ĐẦU TƯ VERUS,"53/77A Trần Khánh Dư, Phường Tân Định, Quận 1, Thành phố Hồ Chí Minh, Việt Nam",10.7944867,106.6913181
CÔNG TY CỔ PHẦN PHÁT TRIỂN HOÀNG VIỆT,"56 Nguyễn Đình Chiểu, Phường Đa Kao, Quận 1, Thành phố Hồ Chí Minh, Việt Nam",10.7893444,106.700084
CÔNG TY TNHH VSUNWOO,"64 Nguyễn Đình Chiểu, Phường Đa Kao, Quận 1, Thành phố Hồ Chí Minh, Việt Nam",10.7885046,106.6993671
CÔNG TY CỔ PHẦN VIETNAMFACTORIES,"Số 68 Nguyễn Huệ, Phường Bến Nghé, Quận 1, Thành phố Hồ Chí Minh, Việt Nam",10.7747583,106.7032908
CÔNG TY TNHH TƯ VẤN VÀ ĐẦU TƯ THUẬN PHÁT,"17 Mạc Đỉnh Chi, Phường Đa Kao, Quận 1, Thành phố Hồ Chí Minh, Việt Nam",10.7844769,106.6992889
CÔNG TY TNHH ĐẦU TƯ THƯƠNG MẠI NEWLIFE,"7A Nguyễn Thị Minh Khai, Phường Bến Nghé, Quận 1, Thành phố Hồ Chí Minh, Việt Nam",10.7876178,106.702848
CÔNG TY TNHH THƯƠNG MẠI DỊCH VỤ VIET EMERALD,"79C Điện Biên Phủ, Phường Đa Kao, Quận 1, Thành phố Hồ Chí Minh, Việt Nam",10.789552,106.6972855
CÔNG TY CỔ PHẦN ĐỊA ỐC DIAMOND EVEREST,"Số 68 Nguyễn Huệ, Phường Bến Nghé, Quận 1, Thành phố Hồ Chí Minh, Việt Nam",10.7747583,106.7032908
CÔNG TY CỔ PHẦN BEST TRADE LINKS GROUP,"156 Nam Kỳ Khởi Nghĩa , Phường Bến Nghé, Quận 1, Thành phố Hồ Chí Minh, Việt Nam",10.7795665,106.6951864
CÔNG TY TNHH CANDOR,"32 Trần Khánh Dư, Phường Tân Định, Quận 1, Thành phố Hồ Chí Minh, Việt Nam",10.7940619,106.688418
CÔNG TY CP TẬP ĐOÀN KHANG ANH,"20/6 Nguyễn Cảnh Chân, Phường Cầu Kho, Quận 1, Thành phố Hồ Chí Minh, Việt Nam",10.7602151,106.6865181
CÔNG TY CỔ PHẦN BẤT ĐỘNG SẢN NLP,"Tầng 19, Sunny Tower, 259 Trần Hưng Đạo, Phường Cô Giang, Quận 1, Thành phố Hồ Chí Minh, Việt Nam",10.7638444,106.6921857
CÔNG TY TNHH THƯƠNG MẠI MY FAIR LIFE,"Tầng 8, Tòa nhà Vietnam Business Center, Số 57-59 Hồ Tùng Mậu, Phường Bến Nghé, Quận 1, Thành phố Hồ Chí Minh, Việt Nam",10.7717231,106.703804
CÔNG TY TNHH CÔNG NGHỆ CAO WONTECH,"Số 68 Nguyễn Huệ, Phường Bến Nghé, Quận 1, Thành phố Hồ Chí Minh, Việt Nam",10.7747583,106.7032908
CÔNG TY TRÁCH NHIỆM HỮU HẠN THƯƠNG MẠI DỊCH VỤ ĐẦU TƯ VÀ PHÁT TRIỂN KOMB,"L17-11, Tầng 17, Tòa Nhà Vincom Center, Số 72 Lê Thánh Tôn, Phường Bến Nghé, Quận 1, Thành phố Hồ Chí Minh, Việt Nam",10.7780202,106.7019901
CÔNG TY TNHH TẬP ĐOÀN ĐẦU TƯ LEXINGTON,"52 Đông Du, Phường Bến Thành, Quận 1, Thành phố Hồ Chí Minh, Việt Nam",10.7763276,106.7046907
CÔNG TY TNHH SOVICO HEALTHCARE,"Tầng 14 Tòa nhà HD Tower, 25bis Nguyễn Thị Minh Khai, Phường Bến Nghé, Quận 1, Thành phố Hồ Chí Minh, Việt Nam",10.7916869,106.7024367
CÔNG TY CỔ PHẦN CÔNG NGHỆ VIDIVA,"Tầng 22, Toà nhà Lim 3, 29A Nguyễn Đình Chiểu, Phường Đa Kao, Quận 1, Thành phố Hồ Chí Minh, Việt Nam",10.787193,106.6984661
CÔNG TY TNHH WORLD TRADE REALTY,"Tòa nhà Luxury 6 - Vinhomes Golden River, Số 02 Tôn Đức Thắng, Phường Bến Nghé, Quận 1, Thành phố Hồ Chí Minh, Việt Nam",10.7867421,106.710601
CÔNG TY TNHH ĐẦU TƯ VÀ THƯƠNG MẠI QUỐC TẾ THE DUONG,"Số 68 Nguyễn Huệ, Phường Bến Nghé, Quận 1, Thành phố Hồ Chí Minh, Việt Nam",10.7747583,106.7032908
CÔNG TY CỔ PHẦN QUẢN LÝ VÀ KHAI THÁC TÀI SẢN BẾN THÀNH,"455 - 457 Trần Hưng Đạo , Phường Cầu Kho, Quận 1, Thành phố Hồ Chí Minh, Việt Nam",10.7592227,106.6876785
CÔNG TY TNHH NHÀ HÀNG LONG KHANG,"Số 138-138B Lý Tự Trọng, Phường Bến Thành, Quận 1, Thành phố Hồ Chí Minh, Việt Nam",10.773799,106.6964132
CÔNG TY CỔ PHẦN ĐẦU TƯ THƯƠNG MẠI VÀ DỊCH VỤ HQ VIỆT NAM,"SỐ 16 HỒ HUẤN NGHIỆP , Phường Bến Nghé, Quận 1, Thành phố Hồ Chí Minh, Việt Nam",10.7746506,106.7052869
CÔNG TY CỔ PHẦN ĐẦU TƯ HT SÀI GÒN,"Tầng 7, Tòa nhà Lam Giang, 167-169-171-173 Trần Hưng Đạo, Phường Cô Giang, Quận 1, Thành phố Hồ Chí Minh, Việt Nam",10.7661917,106.6940955
CÔNG TY TNHH KRULER HOLDING,"89/4 Hàm Nghi, Phường Nguyễn Thái Bình, Quận 1, Thành phố Hồ Chí Minh, Việt Nam",10.770394,106.701974
CÔNG TY CỔ PHẦN SAS - QATAR ENERGY CONSORTIUM,"177 Nguyễn Công Trứ, Phường Nguyễn Thái Bình, Quận 1, Thành phố Hồ Chí Minh, Việt Nam",10.768164,106.701007
CÔNG TY TNHH THƯƠNG MẠI DỊCH VỤ UNION TRADING,"Số 10A Nguyễn Thị Minh Khai, Phường Đa Kao, Quận 1, Thành phố Hồ Chí Minh, Việt Nam",10.7882534,106.7028941
CÔNG TY CỔ PHẦN ECO GALAXY,"26 Nguyễn Hữu Cầu, Phường Tân Định, Quận 1, Thành phố Hồ Chí Minh, Việt Nam",10.7913629,106.6910724
CÔNG TY CỔ PHẦN XÂY DỰNG CÔNG NGHIỆP THIÊN TÂN,"50 Tôn Thất Đạm, Phường Nguyễn Thái Bình, Quận 1, Thành phố Hồ Chí Minh, Việt Nam",10.7704382,106.7037961
CÔNG TY TNHH GREEN PEARL LAND,"Lầu 1, 170 - 170 Bis Bùi Thị Xuân, Phường Phạm Ngũ Lão, Quận 1, Thành phố Hồ Chí Minh, Việt Nam",10.7699949,106.6886078
CÔNG TY TNHH LOTTE PROPERTIES HCMC,"Lầu 17, Vietcombank Tower, Số 05, Công trường Mê Linh, Phường Bến Nghé, Quận 1, Thành phố Hồ Chí Minh, Việt Nam",10.7756569,106.705578
CÔNG TY TNHH SẢN XUẤT THƯƠNG MẠI DỊCH VỤ ELISA,"Tầng 3, Khu A, Tòa nhà Indochina Park Tower, Số 4 Nguyễn Đình Chiểu, Phường Đa Kao, Quận 1, Thành phố Hồ Chí Minh, Việt Nam",10.7917327,106.7023283
CÔNG TY TNHH THƯƠNG MẠI DỊCH VỤ HOÀN LONG VINA,"Số 04 Nguyễn Siêu, Phường Bến Nghé, Quận 1, Thành phố Hồ Chí Minh, Việt Nam",10.7784644,106.704898
CÔNG TY TNHH THƯƠNG MẠI DỊCH VỤ VDF,"Số 302-304 Võ Văn Kiệt, Phường Cô Giang, Quận 1, Thành phố Hồ Chí Minh, Việt Nam",10.7620912,106.6962901
CÔNG TY TNHH ĐẦU TƯ KINH DOANH VỐN 247,"123 Lê Thị Hồng Gấm, Phường Cầu Ông Lãnh, Quận 1, Thành phố Hồ Chí Minh, Việt Nam",10.767807,106.696599
CÔNG TY CỔ PHẦN DIAMOND KEY HOLDING,"37 Nguyễn Trung Trực, Phường Bến Thành, Quận 1, Thành phố Hồ Chí Minh, Việt Nam",10.7753074,106.6973431
CÔNG TY TNHH ĐẦU TƯ XÂY DỰNG THƯƠNG MẠI E-CONS,"85/15 Trần Đình Xu, Phường Nguyễn Cư Trinh, Quận 1, Thành phố Hồ Chí Minh, Việt Nam",10.7616283,106.6887584
CÔNG TY CỔ PHẦN THƯƠNG MẠI DỊCH VỤ HOMEMART VIỆT NAM,"219/5i Trần Hưng Đạo, Phường Cô Giang, Quận 1, Thành phố Hồ Chí Minh, Việt Nam",10.7653489,106.6936659
CÔNG TY TNHH ĐẦU TƯ VÀ PHÁT TRIỂN MSA,"114 Đường Yersin, Phường Nguyễn Thái Bình, Quận 1, Thành phố Hồ Chí Minh, Việt Nam",10.767587,106.697385
CÔNG TY TNHH AMERICAN INVESTMENT,"68 Nguyễn Huệ, Phường Bến Nghé, Quận 1, Thành phố Hồ Chí Minh, Việt Nam",10.7747583,106.7032908
CÔNG TY TNHH MEKONG THỊNH VƯỢNG,"Phòng 1901, Tòa nhà Saigon Trade Center, 37 Tôn Đức Thắng, Phường Bến Nghé, Quận 1, Thành phố Hồ Chí Minh, Việt Nam",10.7841667,106.7036111
CÔNG TY CỔ PHẦN TẬP ĐOÀN ĐẦU TƯ ĐÔNG SÀI GÒN,"61 Nam Kỳ Khởi Nghĩa, Phường Bến Thành, Quận 1, Thành phố Hồ Chí Minh, Việt Nam",10.7719647,106.7004684
CÔNG TY TNHH ADCREW,"90-92 Đinh Tiên Hoàng, Phường Đa Kao, Quận 1, Thành phố Hồ Chí Minh, Việt Nam",10.7903355,106.6978765
CÔNG TY CỔ PHẦN SEREPOK,"56 Nguyễn Đình Chiểu, Phường Đa Kao, Quận 1, Thành phố Hồ Chí Minh, Việt Nam",10.7893444,106.700084
CÔNG TY TNHH THƯƠNG MẠI DỊCH VỤ M&M VIỆT NAM,"Tòa nhà Pax Sky, 51 Nguyễn Cư Trinh, Phường Nguyễn Cư Trinh, Quận 1, Thành phố Hồ Chí Minh, Việt Nam",10.7639664,106.6911257
CÔNG TY CỔ PHẦN TẬP ĐOÀN ĐẦU TƯ QUẢN LÝ VÀ KHAI THÁC TÀI SẢN ARIPUA,"L17-11 Tầng 17, Tòa nhà Vincom Center, Số 72 Lê Thánh Tôn, Phường Bến Nghé, Quận 1, Thành phố Hồ Chí Minh, Việt Nam",10.7780202,106.7019901
CÔNG TY CỔ PHẦN CÔNG NGHIỆP BÌNH TÂN SÀI GÒN,"Tầng 5 & 6, Tòa nhà Fimexco, 231 - 233 Lê Thánh Tôn, Phường Bến Thành, Quận 1, Thành phố Hồ Chí Minh, Việt Nam",10.7722556,106.6963959
CÔNG TY TNHH MCONS,"Tầng 19 Khu A, Tòa nhà Indochina Park Tower, Số 4 Nguyễn Đình Chiểu, Phường Đa Kao, Quận 1, Thành phố Hồ Chí Minh, Việt Nam",10.7917327,106.7023283
CÔNG TY TNHH ĐẦU TƯ VÀ PHÁT TRIỂN BẤT ĐỘNG SẢN CÁT KHÁNH,"291 Trần Hưng  Đạo, Phường Cô Giang, Quận 1, Thành phố Hồ Chí Minh, Việt Nam",10.762653,106.6909699
CÔNG TY CỔ PHẦN ĐẦU TƯ KINH DOANH BẤT ĐỘNG SẢN SAO MỘC,"Số 180-192, Tòa nhà TNR đường Nguyễn Công Trứ, Phường Nguyễn Thái Bình, Quận 1, Thành phố Hồ Chí Minh, Việt Nam",10.7686477,106.7010975
CÔNG TY CỔ PHẦN BRIGHT FUTURE CANADA AMERICA,"Tầng 12, Tòa nhà Miss Áo Dài, 21 Nguyễn Trung Ngạn, Phường Bến Nghé, Quận 1, Thành phố Hồ Chí Minh, Việt Nam",10.7828837,106.7049212
CÔNG TY TNHH TƯ VẤN VÀ ĐẦU TƯ QUANG ĐẠT,"187/7 Điện Biên Phủ, Phường Đa Kao, Quận 1, Thành phố Hồ Chí Minh, Việt Nam",10.7866226,106.6944491
CÔNG TY CỔ PHẦN EU BEER,"Tầng 6, Tòa nhà Fimexco, Số 231-233 Lê Thánh Tôn, Phường Bến Thành, Quận 1, Thành phố Hồ Chí Minh, Việt Nam",10.7722556,106.6963959
CÔNG TY CỔ PHẦN ĐẦU TƯ TRANG THIẾT BỊ Y TẾ ROMA,"207A Nguyễn Văn Thủ, Phường Đa Kao, Quận 1, Thành phố Hồ Chí Minh, Việt Nam",10.787104,106.6964181
CÔNG TY TNHH MTV CÔNG VIÊN CÂY XANH HOA TIÊN,"40C Lý Tự Trọng, Phường Bến Nghé, Quận 1, Thành phố Hồ Chí Minh, Việt Nam",10.777138,106.7001389
CÔNG TY CỔ PHẦN PHÁT TRIỂN BẤT ĐỘNG SẢN TNT,"64 Nguyễn Đình Chiểu  , Phường Đa Kao, Quận 1, Thành phố Hồ Chí Minh, Việt Nam",10.7885046,106.6993671
CÔNG TY CỔ PHẦN ĐẦU TƯ A&B ĐĂNG NGHI HOLDING,"Tầng 15, Tòa Nhà AB, Số 76A Lê Lai, Phường Bến Thành, Quận 1, Thành phố Hồ Chí Minh, Việt Nam",10.7705592,106.6943807
CÔNG TY TNHH ĐẦU TƯ QUỐC TẾ TƯỜNG NGỌC,"L18-11-13 Tầng 18, Tòa nhà Vincom Center Đồng Khởi, 72 Lê Thánh Tôn, Phường Bến Nghé, Quận 1, Thành phố Hồ Chí Minh, Việt Nam",10.7779716,106.7016504
CÔNG TY CỔ PHẦN TẬP ĐOÀN THIÊN LAN,"Tầng 5, Số 343  Phạm Ngũ Lão, Phường Phạm Ngũ Lão, Quận 1, Thành phố Hồ Chí Minh, Việt Nam",10.766582,106.689254
CÔNG TY TNHH THƯƠNG MẠI DỊCH VỤ XUẤT NHẬP KHẨU THIÊN PHÚ PHÚC,"Số 68, Nguyễn Huệ, Phường Bến Nghé, Quận 1, Thành phố Hồ Chí Minh, Việt Nam",10.7747583,106.7032908
CÔNG TY CỔ PHẦN NHA KHOA TOÀN CẦU BLESS+,"Số 75 Phạm Viết Chánh, Phường Nguyễn Cư Trinh, Quận 1, Thành phố Hồ Chí Minh, Việt Nam",10.7656094,106.6822571
CÔNG TY CỔ PHẦN CẢNG TỔNG HỢP NHƠN TRẠCH,"Phòng 1910, Tầng 19, Tòa Nhà Sài Gòn Trade Center, Số 37 Tôn Đức Thắng , Phường Bến Nghé, Quận 1, Thành phố Hồ Chí Minh, Việt Nam",10.7841667,106.7036111
CÔNG TY TNHH ĐẦU TƯ XÂY DỰNG PROST SÀI GÒN,"32/6 Thạch Thị Thanh, Phường Tân Định, Quận 1, Thành phố Hồ Chí Minh, Việt Nam",10.7904655,106.6931085
CÔNG TY CỔ PHẦN VABIS - EPCO,"P.1506, Tầng 15, Sài Gòn Riverside Ofice Center, 2A-4A Tôn Đức Thắng, Phường Bến Nghé, Quận 1, Thành phố Hồ Chí Minh, Việt Nam",10.7783327,106.7066485
CÔNG TY TNHH TRUONG DINH HOLDING,"11B Nguyễn Bỉnh Khiêm , Phường Bến Nghé, Quận 1, Thành phố Hồ Chí Minh, Việt Nam",10.7866232,106.7054253
CÔNG TY TNHH THƯƠNG MẠI DỊCH VỤ MỸ KIM AN,"207A Nguyễn Văn Thủ, Phường Đa Kao, Quận 1, Thành phố Hồ Chí Minh, Việt Nam",10.787104,106.6964181
CÔNG TY CỔ PHẦN NHẬP KHẨU VÀ CHẾ BIẾN THAN,"19 Phùng Khắc Khoan, Phường Đa Kao, Quận 1, Thành phố Hồ Chí Minh, Việt Nam",10.7847714,106.6975706
CÔNG TY TNHH TRUONG DINH INVESTMENT,"11B Nguyễn Bỉnh Khiêm, Phường Bến Nghé, Quận 1, Thành phố Hồ Chí Minh, Việt Nam",10.7866232,106.7054253
CÔNG TY TNHH ĐẦU TƯ THƯƠNG MẠI DỊCH VỤ THIÊN PHÚ VẠN NIÊN,"Ruby Tower, 81-83-83B-85 Hàm Nghi, Phường Nguyễn Thái Bình, Quận 1, Thành phố Hồ Chí Minh, Việt Nam",10.7705558,106.702762
CÔNG TY TNHH DỊCH VỤ THƯƠNG MẠI XUẤT NHẬP KHẨU NGỌC TRINH,"Tòa nhà Packsinmex, 52 Đường Đông Du, Phường Bến Nghé, Quận 1, Thành phố Hồ Chí Minh, Việt Nam",10.693339,106.702635
CÔNG TY CỔ PHẦN TẬP ĐOÀN DONY,"Tầng 10, Tòa Nhà Pax Sky, 51 Nguyễn Cư Trinh , Phường Nguyễn Cư Trinh, Quận 1, Thành phố Hồ Chí Minh, Việt Nam",10.7639664,106.6911257
CÔNG TY TNHH MỘT THÀNH VIÊN BÁCH HÓA SÀI GÒN CO.OP,"199-205 Nguyễn Thái Học, Phường Phạm Ngũ Lão, Quận 1, Thành phố Hồ Chí Minh, Việt Nam",10.7688657,106.6946459
CÔNG TY TNHH MỘT THÀNH VIÊN KHO VẬN SÀI GÒN CO.OP,"199 - 205 Nguyễn Thái Học, Phường Phạm Ngũ Lão, Quận 1, Thành phố Hồ Chí Minh, Việt Nam",10.7688657,106.6946459
CÔNG TY TNHH MEDLIFE SOLUTIONS,"Số 63 Pasteur, Phường Bến Nghé, Quận 1, Thành phố Hồ Chí Minh, Việt Nam",10.7749521,106.700608
CÔNG TY TNHH TƯ VẤN ĐẦU TƯ NGÔI SAO MIỀN NAM,"Tầng 7, Số 60 Nguyễn Văn Thủ, Phường Đa Kao, Quận 1, Thành phố Hồ Chí Minh, Việt Nam",10.7923123,106.7012977
CÔNG TY TNHH MTV DIGITAL REALTY,"186 bis đường Trần Quang Khải, Phường Tân Định, Quận 1, Thành phố Hồ Chí Minh, Việt Nam",10.8636965,106.6403725
CÔNG TY TNHH XUẤT NHẬP KHẨU MEKONG CAPITAL,"Lầu 7, 179 Nguyễn Cư Trinh, Phường Nguyễn Cư Trinh, Quận 1, Thành phố Hồ Chí Minh, Việt Nam",10.7626651,106.6892523
CÔNG TY TNHH KINH DOANH DỊCH VỤ THƯƠNG MẠI HẢI LOAN,"Số 4/55/3A Trần Khắc Chân, Phường Tân Định, Quận 1, Thành phố Hồ Chí Minh, Việt Nam",10.7930558,106.6920714
CÔNG TY TNHH HI-FRESH,"Tầng 8, Tòa nhà MPlaza Saigon, Số 39 Lê Duẩn, Phường Bến Nghé, Quận 1, Thành phố Hồ Chí Minh, Việt Nam",10.7816052,106.7000046
CÔNG TY CỔ PHẦN TẬP ĐOÀN BẤT ĐỘNG SẢN BÁCH LONG,"L17-11 Tầng 17, tòa nhà Vincom Center 72 Lê Thánh Tôn, Phường Bến Nghé, Quận 1, Thành phố Hồ Chí Minh, Việt Nam",10.7780202,106.7019901
CÔNG TY TNHH ĐẦU TƯ XÂY DỰNG VÀ KINH DOANH BẤT ĐỘNG SẢN LỘC PHÚ,"Tầng 1, 52 Đông Du, Phường Bến Nghé, Quận 1, Thành phố Hồ Chí Minh, Việt Nam",10.7769742,106.7057905
CÔNG TY TNHH NAM ĐẠI PHÁT,"63 Bis Mạc Đĩnh Chi, Phường Đa Kao, Quận 1, Thành phố Hồ Chí Minh, Việt Nam",10.7854945,106.6986609
CÔNG TY TNHH ĐẦU TƯ PHÚC TIẾN,"63 Bis Mạc Đĩnh Chi, Phường Đa Kao, Quận 1, Thành phố Hồ Chí Minh, Việt Nam",10.7854945,106.6986609
CÔNG TY CỔ PHẦN KHOA HỌC CÔNG NGHỆ SMART NHT,"L18- 11-13, Tầng 18, Vincom Center Đồng Khởi, 72 Lê Thánh Tôn, Phường Bến Nghé, Quận 1, Thành phố Hồ Chí Minh, Việt Nam",10.7779716,106.7016504
CÔNG TY CỔ PHẦN AN PHÚC NGÂN,"45A Lý Tự Trọng, Phường Bến Nghé, Quận 1, Thành phố Hồ Chí Minh, Việt Nam",10.7781382,106.7018186
CÔNG TY TNHH FIRMCONNECT,"Số 2 Thi Sách, Phường Bến Nghé, Quận 1, Thành phố Hồ Chí Minh, Việt Nam",10.7768156,106.7061325
CÔNG TY TNHH EMPIRE LUXURY,"136 Nguyễn Cư Trinh, Phường Nguyễn Cư Trinh, Quận 1, Thành phố Hồ Chí Minh, Việt Nam",10.7637856,106.6891205
CÔNG TY TNHH ĐẦU TƯ VÀ THƯƠNG MẠI HÀ ĐỨC,"275B Phạm Ngũ Lão , Phường Phạm Ngũ Lão, Quận 1, Thành phố Hồ Chí Minh, Việt Nam",10.7679228,106.6918159
CÔNG TY TNHH THƯƠNG MẠI VÀ DỊCH VỤ KỸ THUẬT DIỆU PHÚC,"350-352 Võ Văn Kiệt, Phường Cô Giang, Quận 1, Thành phố Hồ Chí Minh, Việt Nam",10.7604119,106.6946858
CÔNG TY TNHH HOÀNG KIM SG,"Số 43 Đinh Tiên Hoàng, Phường Đa Kao, Quận 1, Thành phố Hồ Chí Minh, Việt Nam",10.788963,106.698842
CÔNG TY CỔ PHẦN TẬP ĐOÀN ASIA SUNNY,"L17-11 Tầng 17, Tòa nhà Vincom Center Đồng Khởi, Số 72 Lê Thánh Tôn, Phường Bến Nghé, Quận 1, Thành phố Hồ Chí Minh, Việt Nam",10.7779716,106.7016504
CÔNG TY TNHH THƯƠNG MẠI- DỊCH VỤ- ĐẦU TƯ TÍN PHÁT SÀI GÒN,"231-233 Lê Thánh Tôn, Phường Bến Thành, Quận 1, Thành phố Hồ Chí Minh, Việt Nam",10.771507,106.6948628
CÔNG TY TNHH ĐẦU TƯ THƯƠNG MẠI DỊCH VỤ THIÊN NHÂN II,"144 Lê Lai, Phường Bến Thành, Quận 1, Thành phố Hồ Chí Minh, Việt Nam",10.7693938,106.6915619
CÔNG TY TNHH ĐẦU TƯ SVI NAM SÀI GÒN,"63 Bis Mạc Đĩnh Chi, Phường Đa Kao, Quận 1, Thành phố Hồ Chí Minh, Việt Nam",10.7854945,106.6986609
CÔNG TY TNHH PEAK LAND,"Số 68 Nguyễn Huệ, Phường Bến Nghé, Quận 1, Thành phố Hồ Chí Minh, Việt Nam",10.7747583,106.7032908
CÔNG TY TNHH MỘT THÀNH VIÊN VẬN TẢI HÀNH KHÁCH CÔNG CỘNG SÀI GÒN,"201 Nguyễn Thị Minh Khai, Phường Nguyễn Cư Trinh, Quận 1, Thành phố Hồ Chí Minh, Việt Nam",10.7677167,106.6842969
CÔNG TY TNHH SẢN XUẤT VÀ THƯƠNG MẠI ĐỖ GIA,"40 Phùng Khắc Khoan, Phường Đa Kao, Quận 1, Thành phố Hồ Chí Minh, Việt Nam",10.7873893,106.6950306
CÔNG TY TNHH CÔNG VIÊN GIẢI TRÍ NOVADREAMS,"81 Cách Mạng Tháng Tám, Phường Bến Thành, Quận 1, Thành phố Hồ Chí Minh, Việt Nam",10.7720656,106.6918859
CÔNG TY CỔ PHẦN ĐẦU TƯ BIZMAN SÀI GÒN,"Số 50A Đặng Dung, Phường Tân Định, Quận 1, Thành phố Hồ Chí Minh, Việt Nam",10.792501,106.688895
CÔNG TY CỔ PHẦN ĐẦU TƯ XUẤT NHẬP KHẨU T.GLOBES,"120/03 Lê Lai, Phường Bến Thành, Quận 1, Thành phố Hồ Chí Minh, Việt Nam",10.7696636,106.6920196
CÔNG TY TNHH MEGA BILLIONS,"Tầng 14, Tòa nhà Lim 3, 29A Nguyễn Đình Chiểu, Phường Đa Kao, Quận 1, Thành phố Hồ Chí Minh, Việt Nam",10.787193,106.6984661
CÔNG TY TNHH LUCKY LUCK,"Tầng 14, Tòa nhà Lim 3, 29A Nguyễn Đình Chiểu, Phường Đa Kao, Quận 1, Thành phố Hồ Chí Minh, Việt Nam",10.787193,106.6984661
CÔNG TY TNHH THƯƠNG MẠI LOTTEFASHION,"231-233 Lê Thánh Tôn, Phường Bến Thành, Quận 1, Thành phố Hồ Chí Minh, Việt Nam",10.771507,106.6948628
CÔNG TY TNHH A-MIC,"Tầng 10, Tòa nhà Miss Áo dài, Số 21 Nguyễn Trung Ngạn, Phường Bến Nghé, Quận 1, Thành phố Hồ Chí Minh, Việt Nam",10.7829642,106.7048088
CÔNG TY TNHH ĐẦU TƯ THƯƠNG MẠI DỊCH VỤ VẠN TƯỜNG AN,"186 bis đường Trần Quang Khải, Phường Tân Định, Quận 1, Thành phố Hồ Chí Minh, Việt Nam",10.8636965,106.6403725
CÔNG TY CỔ PHẦN VIETNEW INVESTMENT JSC,"L17-11, Tầng 17, Tòa nhà Vincom Center, Số 72 Lê Thánh Tôn, Phường Bến Nghé, Quận 1, Thành phố Hồ Chí Minh, Việt Nam",10.7780202,106.7019901
CÔNG TY CỔ PHẦN TẬP ĐOÀN XÂY DỰNG NHẤT HOÀI ANH,"11Bis Phan Ngữ, Phường Đa Kao, Quận 1, Thành phố Hồ Chí Minh, Việt Nam",10.7903371,106.6965209
CÔNG TY TNHH SẢN XUẤT THƯƠNG MẠI DỊCH VỤ SAVE GREEN,"68 Nguyễn Huệ, Phường Bến Nghé, Quận 1, Thành phố Hồ Chí Minh, Việt Nam",10.7747583,106.7032908
CÔNG TY CỔ PHẦN ĐẦU TƯ TÂM AN GROUP,"Tòa nhà Serepok, 56 Nguyễn Đình Chiểu, Phường Đa Kao, Quận 1, Thành phố Hồ Chí Minh, Việt Nam",10.7893362,106.7001333
CÔNG TY TNHH PHÁT TRIỂN BẤT ĐỘNG SẢN SGI,"Tầng 18, Tòa nhà Vincom Center Đồng Khởi, 72 Lê Thánh Tôn, Phường Bến Nghé, Quận 1, Thành phố Hồ Chí Minh, Việt Nam",10.7779716,106.7016504
CÔNG TY TNHH AEON SYSTEM VIET NAM,"231-233 Lê Thánh Tôn, Phường Bến Thành, Quận 1, Thành phố Hồ Chí Minh, Việt Nam",10.771507,106.6948628
CÔNG TY TNHH XÚC TIẾN ĐẦU TƯ KINH DOANH THƯƠNG MẠI VIỆT NAM,"Số 50A Đặng Dung, Phường Tân Định, Quận 1, Thành phố Hồ Chí Minh, Việt Nam",10.792501,106.688895
CÔNG TY TNHH THƯƠNG MẠI DỊCH VỤ CÔNG NGHỆ SỐ EMARTECH,"Tầng 10, Tòa Nhà Pax Sky, 51 Nguyễn Cư Trinh, Phường Nguyễn Cư Trinh, Quận 1, Thành phố Hồ Chí Minh, Việt Nam",10.7639664,106.6911257
CÔNG TY TNHH VIETGROUP GLOBAL,"57/13 Bùi Viện, Phường Phạm Ngũ Lão, Quận 1, Thành phố Hồ Chí Minh, Việt Nam",10.766334,106.693468
CÔNG TY TNHH ANFS GLOBAL,"Tầng 46, Tòa nhà Bitexco Financial Tower, 02 Hải Triều, Phường Bến Nghé, Quận 1, Thành phố Hồ Chí Minh, Việt Nam",10.7719839,106.7043912
CÔNG TY CỔ PHẦN TẬP ĐOÀN VKBIA,"Phòng 1901, Tòa nhà Saigon Trade Center, Số 37 Tôn Đức Thắng, Phường Bến Nghé, Quận 1, Thành phố Hồ Chí Minh, Việt Nam",10.7841667,106.7036111
CÔNG TY CỔ PHẦN DỊCH VỤ ĐẦU TƯ AN VIỆT,"138 Ký Con, Phường Nguyễn Thái Bình, Quận 1, Thành phố Hồ Chí Minh, Việt Nam",10.7680342,106.6979074
CÔNG TY CỔ PHẦN GLOBAL ATM,"49 Phó Đức Chính, Phường Nguyễn Thái Bình, Quận 1, Thành phố Hồ Chí Minh, Việt Nam",10.768283,106.700423
CÔNG TY CỔ PHẦN CƯỜNG THỊNH ĐẠI ĐIỀN,"L17-11 Tầng 17, Tòa Nhà Vincom Center, Số 72 Lê Thánh Tôn, Phường Bến Nghé, Quận 1, Thành phố Hồ Chí Minh, Việt Nam",10.7780202,106.7019901
CÔNG TY TNHH POWER CAPITAL GROUP,"201 Nguyễn Thị Minh Khai, Phường Nguyễn Cư Trinh, Quận 1, Thành phố Hồ Chí Minh, Việt Nam",10.7677167,106.6842969
CÔNG TY TNHH ĐẦU TƯ AMBI,"14 Lương Hữu Khánh, Phường Phạm Ngũ Lão, Quận 1, Thành phố Hồ Chí Minh, Việt Nam",10.7699304,106.6864488
CÔNG TY CỔ PHẦN THƯƠNG MẠI XĂNG DẦU TRẦN LƯU,"52 Đông Du, Phường Bến Thành, Quận 1, Thành phố Hồ Chí Minh, Việt Nam",10.7763276,106.7046907
CÔNG TY CỔ PHẦN ĐẦU TƯ DRAGON PHOENIX,"71 Nguyễn Thị Minh Khai, Phường Bến Thành, Quận 1, Thành phố Hồ Chí Minh, Việt Nam",10.7731124,106.6891862
CÔNG TY CỔ PHẦN TẬP ĐOÀN ĐẦU TƯ TLT,"138-140 Điện Biên Phủ, Phường Đa Kao, Quận 1, Thành phố Hồ Chí Minh, Việt Nam",10.7888352,106.695926
CÔNG TY CỔ PHẦN BM WINDOWS,"Số 60 Nguyễn Đình Chiểu, Phường Đa Kao, Quận 1, Thành phố Hồ Chí Minh, Việt Nam",10.7883616,106.6991972
CÔNG TY TNHH MỘT THÀNH VIÊN - TRUNG TÂM PHÂN PHỐI DƯỢC PHẨM VIMEDIMEX TP. HỒ CHÍ MINH,"Tầng 1+2, Tòa nhà Vimedimex, 246 Cống Quỳnh , Phường Phạm Ngũ Lão, Quận 1, Thành phố Hồ Chí Minh, Việt Nam",10.7673047,106.6875447
CÔNG TY CỔ PHẦN APOLLO TECHNOLOGIES,"95A Mai Thị Lựu, Phường Đa Kao, Quận 1, Thành phố Hồ Chí Minh, Việt Nam",10.792312,106.697673
CÔNG TY TNHH ĐẦU TƯ THƯƠNG MẠI DỊCH VỤ BẢO AN PHÁT,"5/72 Nguyễn Trung Ngạn, Phường Bến Nghé, Quận 1, Thành phố Hồ Chí Minh, Việt Nam",10.7844666,106.7060435
CÔNG TY TNHH TEXAS CHEMICAL,"85 Hoàng Sa, Phường Đa Kao, Quận 1, Thành phố Hồ Chí Minh, Việt Nam",10.7925239,106.7018345
CÔNG TY TNHH ĐẦU TƯ REAL PETROL VIỆT NAM,"Số 100, Nguyễn Văn Cừ, Phường Nguyễn Cư Trinh, Quận 1, Thành phố Hồ Chí Minh, Việt Nam",10.757319,106.685047
CÔNG TY TNHH ĐẦU TƯ CÔNG NGHỆ VÀ DU LỊCH QUỐC TẾ,"L17-11, Tầng 17, Tòa nhà Vincom Center, 72 Lê Thánh Tôn, Phường Bến Nghé, Quận 1, Thành phố Hồ Chí Minh, Việt Nam",10.7780202,106.7019901
CÔNG TY CỔ PHẦN THƯƠNG MẠI DỊCH VỤ VÀ ĐẦU TƯ LÂM GIA,"L17-11, Tầng 17, Tòa nhà Vincom Center,  Số 72 Lê Thánh Tôn, Phường Bến Nghé, Quận 1, Thành phố Hồ Chí Minh, Việt Nam",10.7780202,106.7019901
CÔNG TY CỔ PHẦN AMD TOÀN CẦU,"5 Nguyễn Trãi, Phường Phạm Ngũ Lão, Quận 1, Thành phố Hồ Chí Minh, Việt Nam",10.7709535,106.6931762
CÔNG TY CỔ PHẦN ĐẦU TƯ ĐẠI ĐÔ THỊ,"Tầng 1, Tòa nhà Rosana Tower, 60 Nguyễn Đình Chiểu, Phường Đa Kao, Quận 1, Thành phố Hồ Chí Minh, Việt Nam",10.7883616,106.6991972
CÔNG TY CỔ PHẦN TƯ VẤN ĐẦU TƯ AA,"Phòng 101, Lầu 1 Tòa nhà văn phòng HMTC, Số 91 Pasteur, Phường Bến Nghé, Quận 1, Thành phố Hồ Chí Minh, Việt Nam",10.7768816,106.6992794
CÔNG TY CỔ PHẦN HÀNG KHÔNG AIR VIỆT NAM,"68 Nguyễn Huệ, Phường Bến Nghé, Quận 1, Thành phố Hồ Chí Minh, Việt Nam",10.7747583,106.7032908
CÔNG TY TNHH TM-DV-XD THÀNH NGUYỄN,"Số 176/9 Đường Lê Lai, Phường Bến Thành, Quận 1, Thành phố Hồ Chí Minh, Việt Nam",10.7692393,106.6908683
CÔNG TY TNHH ĐẦU TƯ Z GROUP,"68 Nguyễn Huệ, Phường Bến Nghé, Quận 1, Thành phố Hồ Chí Minh, Việt Nam",10.7747583,106.7032908
CÔNG TY TNHH SẢN XUẤT VÀ NGHIÊN CỨU TÀU SIÊU CAO TỐC Z-QUANTUM SPEED,"5 Công Trường Mê Linh, Phường Bến Nghé, Quận 1, Thành phố Hồ Chí Minh, Việt Nam",10.7756569,106.705578
CÔNG TY TNHH NGHIÊN CỨU VÀ KHAI THÁC KHOÁNG SẢN Z - UNIVERSE,"2 Ngô Đức Kế, Phường Bến Nghé, Quận 1, Thành phố Hồ Chí Minh, Việt Nam",10.7745,106.7058193
CÔNG TY TNHH NGHIÊN CỨU VÀ SẢN XUẤT Z – FLYING AUTO,"60 Nguyễn Văn Thủ, Phường Đa Kao, Quận 1, Thành phố Hồ Chí Minh, Việt Nam",10.7903446,106.6990813
CÔNG TY CỔ PHẦN TẬP ĐOÀN MINH LỘC PHÁT,"Tầng 1, Tòa nhà Packsimex, 52 Đông Du, Phường Bến Nghé, Quận 1, Thành phố Hồ Chí Minh, Việt Nam",10.7763276,106.7046907
CÔNG TY CỔ PHẦN CÔNG NGHỆ GIÁ NHÀ,"Tầng 5, Số 62 Trần Quang Khải, Phường Tân Định, Quận 1, Thành phố Hồ Chí Minh, Việt Nam",10.7924716,106.6956502
CÔNG TY TNHH ĐẦU TƯ BẤT ĐỘNG SẢN KHẢI HOÀN,"115 Hai Bà Trưng, Phường Bến Nghé, Quận 1, Thành phố Hồ Chí Minh, Việt Nam",10.7789832,106.7022507
CÔNG TY CỔ PHẦN TẬP ĐOÀN ASA VIỆT NAM,"18BIS/6 Nguyễn Thị Minh Khai, Phường Đa Kao, Quận 1, Thành phố Hồ Chí Minh, Việt Nam",10.7863005,106.6991709
CÔNG TY TNHH THƯƠNG MẠI DỊCH VỤ DU LỊCH KHÔI NGUYÊN,"1A Điện Biên Phủ, Phường Đa Kao, Quận 1, Thành phố Hồ Chí Minh, Việt Nam",10.7917912,106.6990681
CÔNG TY TNHH MEBUY VIỆT NAM,"26/14 Nguyễn Bỉnh Khiêm, Phường Đa Kao, Quận 1, Thành phố Hồ Chí Minh, Việt Nam",10.7918176,106.7015588
CÔNG TY TNHH ARCHSQUARE,"Tầng 15, Tòa nhà Vincom Center, 72 Lê Thánh Tôn, Phường Bến Nghé, Quận 1, Thành phố Hồ Chí Minh, Việt Nam",10.7780202,106.7019901
CÔNG TY CỔ PHẦN ĐẦU TƯ TÀI SẢN KHÔN NGOAN,"158/24 Nguyễn Công Trứ, Phường Nguyễn Thái Bình, Quận 1, Thành phố Hồ Chí Minh, Việt Nam",10.769408,106.701155
CÔNG TY CỔ PHẦN  QUỐC TẾ VINAPRO,"Tầng 18, TNR Building, 180-192 Nguyễn Công Trứ, Phường Nguyễn Thái Bình, Quận 1, Thành phố Hồ Chí Minh, Việt Nam",10.7686477,106.7010975
CÔNG TY TNHH TM-DV THÁI NGUYỄN,"146 Nguyễn Công Trứ , Phường Nguyễn Thái Bình, Quận 1, Thành phố Hồ Chí Minh, Việt Nam",10.7691786,106.7016626
CÔNG TY TNHH VANG MỸ,"79C Điện Biên Phủ , Phường Đa Kao, Quận 1, Thành phố Hồ Chí Minh, Việt Nam",10.789552,106.6972855
CÔNG TY CỔ PHẦN ASEAN HEALTHCARE,"Tầng 3 tòa nhà Shalom House, 75 Phạm Viết Chánh, Phường Nguyễn Cư Trinh, Quận 1, Thành phố Hồ Chí Minh, Việt Nam",10.7656094,106.6822571
CÔNG TY TNHH NGUYỄN TRUNG VIỆT,"Số 64/16 Trần Đình Xu, Phường Cô Giang, Quận 1, Thành phố Hồ Chí Minh, Việt Nam",10.760942,106.691787
CÔNG TY TNHH GIAO THÔNG VẬN TẢI XUẤT NHẬP KHẨU TÂM NGUYÊN,"Tầng trệt, Tòa Nhà Rosana, Số 60 Nguyễn Đình Chiểu, Phường Đa Kao, Quận 1, Thành phố Hồ Chí Minh, Việt Nam",10.7883616,106.6991972
CÔNG TY TNHH ĐẦU TƯ THƯƠNG MẠI DỊCH VỤ LINKHOME,"Tầng 1, Tòa nhà Packsimex, 52 Đông Du, Phường Bến Nghé, Quận 1, Thành phố Hồ Chí Minh, Việt Nam",10.7763276,106.7046907
CÔNG TY TNHH ĐẦU TƯ ĐỊNH CƯ BẤT ĐỘNG SẢN,"Lầu 17-11, Tòa nhà Vincom Đồng Khởi, số 72 đường Lê Thánh Tôn, Phường Bến Nghé, Quận 1, Thành phố Hồ Chí Minh, Việt Nam",10.7779716,106.7016504
CÔNG TY TNHH TƯ VẤN PHÁT TRIỂN OPEN COM,"Tầng 10, Tòa nhà Pax Sky, 51 Nguyễn Cư Trinh, Phường Nguyễn Cư Trinh, Quận 1, Thành phố Hồ Chí Minh, Việt Nam",10.7639664,106.6911257
CÔNG TY CỔ PHẦN THƯƠNG MẠI PHÁT TRIỂN ĐẦU TƯ ĐẠI LỘC,"A&B, 76A Lê Lai, Phường Bến Thành, Quận 1, Thành phố Hồ Chí Minh, Việt Nam",10.7705648,106.6943777
CÔNG TY TNHH NHAFUKI,"542 Võ Văn Kiệt, Phường Cầu Kho, Quận 1, Thành phố Hồ Chí Minh, Việt Nam",10.7573236,106.6902153
CÔNG TY CỔ PHẦN RISE CAPITAL,"L17-11, Tầng 17, Tòa nhà Vincom Center, 72 Lê Thánh Tôn, Phường Bến Nghé, Quận 1, Thành phố Hồ Chí Minh, Việt Nam",10.7780202,106.7019901
CÔNG TY TNHH KINH DOANH THƯƠNG MẠI MINH THANH,"Tầng 1, Tòa nhà Packsimex, 52 Đông Du, Phường Bến Nghé, Quận 1, Thành phố Hồ Chí Minh, Việt Nam",10.7763276,106.7046907
CÔNG TY TNHH CÔNG NGHỆ SILA,"Lầu 3, 68 Nguyễn Huệ, Phường Bến Nghé, Quận 1, Thành phố Hồ Chí Minh, Việt Nam",10.771539,106.705845
CÔNG TY CỔ PHẦN ĐẦU TƯ VÀ PHÁT TRIỂN LEADCORP,"Tầng 3, Số 185 Cô Bắc, Phường Cô Giang, Quận 1, Thành phố Hồ Chí Minh, Việt Nam",10.7655425,106.6951851
CÔNG TY TNHH HÂN GIA GROUP,"16/2 Phan Ngữ, Phường Đa Kao, Quận 1, Thành phố Hồ Chí Minh, Việt Nam",10.7906039,106.6963411
CÔNG TY CỔ PHẦN TỔNG HỢP MÊ KÔNG SÀI GÒN,"11 Hoàng sa, Phường Đa Kao, Quận 1, Thành phố Hồ Chí Minh, Việt Nam",10.7917453,106.7048014
CÔNG TY CỔ PHẦN ĐẦU TƯ SẢN XUẤT XUẤT NHẬP KHẨU THẾ GIỚI XANH,"Tầng 1, Tòa nhà Packsimex, 52 Đông Du, Phường Bến Nghé, Quận 1, Thành phố Hồ Chí Minh, Việt Nam",10.7763276,106.7046907
CÔNG TY TNHH 9PLUS,"Phòng 621-1 Cowork 03, Tầng 6, Toà nhà Mê Linh Point, 02 Ngô Đức Kế, Phường Bến Nghé, Quận 1, Thành phố Hồ Chí Minh, Việt Nam",10.7746886,106.7059074
CÔNG TY CỔ PHẦN BẤT ĐỘNG SẢN ĐỖ ĐẦU SÀI GÒN,"Số 166 Nguyễn Công Trứ, Phường Nguyễn Thái Bình, Quận 1, Thành phố Hồ Chí Minh, Việt Nam",10.768778,106.701284
CÔNG TY CỔ PHẦN ĐẦU TƯ VÀ QUẢN LÝ KHÁCH SẠN TNH SÀI GÒN,"Lầu 12, số 180 - 192 Đường Nguyễn Công Trứ, Phường Nguyễn Thái Bình, Quận 1, Thành phố Hồ Chí Minh, Việt Nam",10.7658392,106.6990933
CÔNG TY CỔ PHẦN ĐẦU TƯ BẤT ĐỘNG SẢN ANTECLAND,"231-233 Lê Thánh Tôn   , Phường Bến Thành, Quận 1, Thành phố Hồ Chí Minh, Việt Nam",10.771507,106.6948628
CÔNG TY TNHH LYON CO-OP,"Tầng 2, 81 Cách Mạng Tháng Tám, Phường Bến Thành, Quận 1, Thành phố Hồ Chí Minh, Việt Nam",10.7735747,106.6904842
CÔNG TY CỔ PHẦN PHÁT TRIỂN BẤT ĐỘNG SẢN GIC VIỆT NAM,"10A Nguyễn Thị Minh Khai, Phường Đa Kao, Quận 1, Thành phố Hồ Chí Minh, Việt Nam",10.7882534,106.7028941
CÔNG TY TNHH ĐẦU TƯ VÀ PHÁT TRIỂN PINPIN,"Tầng 3, Phòng 301, Tòa nhà WMC, Số 102A-B-C Cống Quỳnh, Phường Phạm Ngũ Lão, Quận 1, Thành phố Hồ Chí Minh, Việt Nam",10.7649208,106.6905692
CÔNG TY CP TẬP ĐOÀN LAURA GROUP,"L632OT01, Tầng 32, Tòa nhà L6 Vinhomes Golden River, 02 Tôn Đức Thắng, Phường Bến Nghé, Quận 1, Thành phố Hồ Chí Minh, Việt Nam",10.7867421,106.710601
CÔNG TY CỔ PHẦN KHAI THÁC CÁT VÀNG VIỆT NAM,"91 Pasteur, Phường Bến Nghé, Quận 1, Thành phố Hồ Chí Minh, Việt Nam",10.7768816,106.6992794
CÔNG TY TNHH BẠCH TUYẾT KOTTON,"Số 9-19 Hồ Tùng Mậu, Phường Nguyễn Thái Bình, Quận 1, Thành phố Hồ Chí Minh, Việt Nam",10.769926,106.704605
CÔNG TY CỔ PHẦN ĐẦU TƯ THƯƠNG MẠI DỊCH VỤ JMM,"302 - 304 Võ Văn Kiệt, Phường Cô Giang, Quận 1, Thành phố Hồ Chí Minh, Việt Nam",10.7620912,106.6962901
CÔNG TY TNHH TMDV DINH DƯỠNG VÀNG,"Tầng 1, Tòa nhà Packsimex, 52 Đông Du, Phường Bến Nghé, Quận 1, Thành phố Hồ Chí Minh, Việt Nam",10.7763276,106.7046907
CÔNG TY CỔ PHẦN ĐẦU TƯ THƯƠNG MẠI TCC HOLDINGS,"Tầng 1, 207A Nguyễn Văn Thủ, Phường Đa Kao, Quận 1, Thành phố Hồ Chí Minh, Việt Nam",10.7924841,106.7015927
CÔNG TY TNHH TNQ THÁI DƯƠNG,"12 Lê Thánh Tôn, Phường Bến Nghé, Quận 1, Thành phố Hồ Chí Minh, Việt Nam",10.781531,106.7052959
CÔNG TY TNHH VIETD INVESTMENT AND HOLDING,"Tầng 21, Vietcombank Tower, Số 5 Công Trường Mê Linh, Phường Bến Nghé, Quận 1, Thành phố Hồ Chí Minh, Việt Nam",10.7756569,106.705578
CÔNG TY CỔ PHẦN ĐẦU TƯ VÀ PHÁT TRIỂN DU LỊCH MIHOKI,"Tầng 11, Deutsches Haus, 33 Lê Duẩn, Phường Bến Nghé, Quận 1, Thành phố Hồ Chí Minh, Việt Nam",10.7820158,106.7003482
CÔNG TY TNHH SẢN XUẤT ĐẦU TƯ HTV,"21/16 Trần Đình Xu, Phường Cầu Kho, Quận 1, Thành phố Hồ Chí Minh, Việt Nam",10.7594607,106.6915562
CÔNG TY TNHH THIẾT KẾ XÂY DỰNG THƯƠNG MẠI DỊCH VỤ ĐẦU TƯ PHÁT TRIỂN BẢO ANH,"33-33D Nguyễn Trung Trực, Phường Bến Thành, Quận 1, Thành phố Hồ Chí Minh, Việt Nam",10.7749054,106.6978843
CÔNG TY TNHH THƯƠNG MẠI NB VINA,"TK 16/8 Nguyễn Cảnh Chân, Phường Cầu Kho, Quận 1, Thành phố Hồ Chí Minh, Việt Nam",10.7604979,106.6867633
CÔNG TY TNHH DỊCH VỤ ĐẦU TƯ THE ASIA,"L17-11, Tầng 17, Tòa Nhà Vincom Center, Số 72 Lê Thánh Tôn, Phường Bến Nghé, Quận 1, Thành phố Hồ Chí Minh, Việt Nam",10.7780202,106.7019901
CÔNG TY CỔ PHẦN QUẢN LÝ BẤT ĐỘNG SẢN GIC VIỆT NAM,"36 Mạc Đỉnh Chi, Phường Đa Kao, Quận 1, Thành phố Hồ Chí Minh, Việt Nam",10.7870216,106.6974582
CÔNG TY TNHH PHÁT TRIỂN THƯƠNG MẠI THÙY TRANG,"117 Nguyễn Thái Học, Phường Cầu Ông Lãnh, Quận 1, Thành phố Hồ Chí Minh, Việt Nam",10.767521,106.69541
CÔNG TY TNHH SGH VIỆT HOÀNG,"353/2/9 Đường Phạm Ngũ Lão, Phường Phạm Ngũ Lão, Quận 1, Thành phố Hồ Chí Minh, Việt Nam",10.7668993,106.690046
CÔNG TY TNHH SCENTURY CONCEPT,"Lầu 1, 170-170Bis Bùi Thị Xuân, Phường Phạm Ngũ Lão, Quận 1, Thành phố Hồ Chí Minh, Việt Nam",10.7699949,106.6886078
CÔNG TY TNHH ECO FOODS,"P.1506, Tầng 15, Sài Gòn Riverside Office Center, 2A-4A Tôn Đức Thắng, Phường Bến Nghé, Quận 1, Thành phố Hồ Chí Minh, Việt Nam",10.7783327,106.7066485
CÔNG TY TNHH HAAST TRADING,"2 Hải Triều, Phường Bến Nghé, Quận 1, Thành phố Hồ Chí Minh, Việt Nam",10.771367,106.7044625
CÔNG TY TNHH TƯ VẤN ĐẦU TƯ VÀ QUẢN LÝ BẤT ĐỘNG SẢN ĐẤT VÀNG,"L17-11, Tầng 17, Tòa nhà Vincom Center, Số 72 Lê Thánh Tôn, Phường Bến Nghé, Quận 1, Thành phố Hồ Chí Minh, Việt Nam",10.7780202,106.7019901
CÔNG TY TNHH CHANH SI,"Tầng 1, Tòa nhà Packsimex, 52 Đông Du, Phường Bến Nghé, Quận 1, Thành phố Hồ Chí Minh, Việt Nam",10.7763276,106.7046907
CÔNG TY CỔ PHẦN THƯƠNG MẠI DỊCH VỤ TK GROUP,"81 Cách Mạng Tháng Tám, Phường Bến Thành, Quận 1, Thành phố Hồ Chí Minh, Việt Nam",10.7720656,106.6918859
CÔNG TY TNHH THƯƠNG MẠI KHO VẬN MIỀN NAM,"14-16 Lê Lai, Phường Bến Thành, Quận 1, Thành phố Hồ Chí Minh, Việt Nam",10.7718018,106.697274
CÔNG TY CỔ PHẦN GFAAST,"Tầng 10 - Tòa nhà Pax Sky, số 51 Nguyễn Cư Trinh, Phường Nguyễn Cư Trinh, Quận 1, Thành phố Hồ Chí Minh, Việt Nam",10.7639664,106.6911257
CÔNG TY TNHH THƯƠNG MẠI KHƯƠNG GIA,"92-94-94 BIS Võ Thị Sáu, Phường Tân Định, Quận 1, Thành phố Hồ Chí Minh, Việt Nam",10.7897842,106.6938092
CÔNG TY TNHH DỊCH VỤ NÔNG SẢN ĐẶNG GIA,"Tầng lửng, 197 Nguyễn Văn Thủ, Phường Đa Kao, Quận 1, Thành phố Hồ Chí Minh, Việt Nam",10.7877055,106.6969798
CÔNG TY CỔ PHẦN THƯƠNG MẠI ĐIỆN TỬ EPCO,"Phòng 1505-1506 Tầng 15, Sài Gòn Riverside Office Center, 2A-4A Tôn Đức Thắng, Phường Bến Nghé, Quận 1, Thành phố Hồ Chí Minh, Việt Nam",10.7783327,106.7066485
CÔNG TY CỔ PHẦN HDTC LAND,"36 Bùi Thị Xuân, Phường Bến Thành, Quận 1, Thành phố Hồ Chí Minh, Việt Nam",10.7719714,106.6901189
CÔNG TY CỔ PHẦN THƯƠNG MẠI BẤT ĐỘNG SẢN SÀI GÒN 3,"140 Nguyễn Văn Thủ, Phường Đa Kao, Quận 1, Thành phố Hồ Chí Minh, Việt Nam",10.7881456,106.6971358
CÔNG TY CỔ PHẦN MYK LAND,"98 Đề Thám, Phường Cầu Ông Lãnh, Quận 1, Thành phố Hồ Chí Minh, Việt Nam",10.7644415,106.6953966
CÔNG TY TNHH PIGMENT & POINT HOLDING VIỆT NAM,"P101,Tòa nhà Nam Việt, số 9 đường Phan Kế Bính, Phường Đa Kao, Quận 1, Thành phố Hồ Chí Minh, Việt Nam",10.7894626,106.6994851
CÔNG TY CỔ PHẦN ĐẦU TƯ THANH NAM PHÁT,"207A Nguyễn Văn Thủ, Phường Đa Kao, Quận 1, Thành phố Hồ Chí Minh, Việt Nam",10.787104,106.6964181
CÔNG TY CỔ PHẦN ĐẦU TƯ PHÁT TRIỂN HẠ TẦNG BẾN THÀNH,"35-37 Yersin, Phường Cầu Ông Lãnh, Quận 1, Thành phố Hồ Chí Minh, Việt Nam",10.766055,106.6979449
CÔNG TY TNHH ĐẦU TƯ HASAI,"Số 63 Tôn Thất Đạm, Phường Bến Nghé, Quận 1, Thành phố Hồ Chí Minh, Việt Nam",10.771358,106.703056
CÔNG TY CỔ PHẦN SVI CAPE PEARL,"63 Bis Mạc Đĩnh Chi, Phường Đa Kao, Quận 1, Thành phố Hồ Chí Minh, Việt Nam",10.7854945,106.6986609
CÔNG TY TNHH ĐIỀN KIM,"79C Điện Biên Phủ, Phường Đa Kao, Quận 1, Thành phố Hồ Chí Minh, Việt Nam",10.789552,106.6972855
CÔNG TY TNHH RƯỢU NGOẠI SÀI GÒN,"A1.39.OT16 Vinhomes Golden River, số 2 Tôn Đức Thắng, Phường Bến Nghé, Quận 1, Thành phố Hồ Chí Minh, Việt Nam",10.7867421,106.710601
CÔNG TY CỔ PHẦN DỊCH VỤ TÀI CHÍNH BẤT ĐỘNG SẢN TULIP,"L17-11, Tầng 17, Tòa nhà Vincom Center Đồng Khởi, 72 Lê Thánh Tôn, Phường Bến Nghé, Quận 1, Thành phố Hồ Chí Minh, Việt Nam",10.7779716,106.7016504
CÔNG TY CỔ PHẦN BẤT ĐỘNG SẢN ĐẶNG NGUYỄN,"9 Đinh Tiên Hoàng, Phường Đa Kao, Quận 1, Thành phố Hồ Chí Minh, Việt Nam",10.7877159,106.699993
CÔNG TY CỔ PHẦN GIAO DỊCH HÀNG HÓA THẾ GIỚI,"Số 67 Nguyễn Thị Minh Khai, Phường Bến Thành, Quận 1, Thành phố Hồ Chí Minh, Việt Nam",10.7730263,106.6893278
CÔNG TY TNHH ĐẦU TƯ PHÁT TRIỂN CÔNG NGHỆ NHÀ HỘP KHỐI,"45 Đường Võ Thị Sáu, Phường Đa Kao, Quận 1, Thành phố Hồ Chí Minh, Việt Nam",10.7903358,106.694714
CÔNG TY CỔ PHẦN THƯƠNG MẠI KAZUKO,"Tầng 15, Tòa nhà A&B, Số 76A Lê Lai, Phường Bến Thành, Quận 1, Thành phố Hồ Chí Minh, Việt Nam",10.7705592,106.6943807
CÔNG TY TNHH DỊCH VỤ LẮP ĐẶT - SỬA CHỮA - BẢO HÀNH TẬN TÂM,"128 Trần Quang Khải, Phường Tân Định, Quận 1, Thành phố Hồ Chí Minh, Việt Nam",10.7921819,106.6918383
CÔNG TY TNHH THƯƠNG MẠI DỊCH VỤ VICTORY - BALLEY GROUP,"Lầu 20, Tòa nhà A&B, 76A Lê Lai, Phường Bến Thành, Quận 1, Thành phố Hồ Chí Minh, Việt Nam",10.7705592,106.6943807
CÔNG TY TNHH HÒN NGỌC SÀI GÒN,"19A Mai Thị Lựu, Phường Đa Kao, Quận 1, Thành phố Hồ Chí Minh, Việt Nam",10.7904699,106.699706
CÔNG TY CỔ PHẦN SÀI GÒN HOLDINGS GROUP,"132 Hàm Nghi, Phường Bến Thành, Quận 1, Thành phố Hồ Chí Minh, Việt Nam",10.7713115,106.7003834
CÔNG TY CỔ PHẦN ECART,"85 Cách Mạng Tháng Tám, Phường Bến Thành, Quận 1, Thành phố Hồ Chí Minh, Việt Nam",10.7723882,106.6914574
CÔNG TY TNHH ORYXON LONG AN,"177 Nguyễn Công Trứ, Phường Nguyễn Thái Bình, Quận 1, Thành phố Hồ Chí Minh, Việt Nam",10.768164,106.701007
CÔNG TY TNHH  DỊCH VỤ TƯ VẤN ĐẦU TƯ MITA,"12B Phan Kế Bính, Phường Đa Kao, Quận 1, Thành phố Hồ Chí Minh, Việt Nam",10.7907231,106.6985024
CÔNG TY TNHH MTV KIZUNA - JVC,"Tầng 1, Tòa nhà Packsimex, 52 Đông Du, Phường Bến Nghé, Quận 1, Thành phố Hồ Chí Minh, Việt Nam",10.7763276,106.7046907
CÔNG TY CỔ PHẦN TƯ VẤN VÀ ĐẦU TƯ BẤT ĐỘNG SẢN VIỆT NAM,"68 Nguyễn Huệ, Phường Bến Nghé, Quận 1, Thành phố Hồ Chí Minh, Việt Nam",10.7747583,106.7032908
CÔNG TY CỔ PHẦN ĐẦU TƯ TẦM NHÌN PHƯƠNG NAM,"63 Bis Mạc Đĩnh Chi, Phường Đa Kao, Quận 1, Thành phố Hồ Chí Minh, Việt Nam",10.7854945,106.6986609
CÔNG TY CỔ PHẦN SVI CAM RANH,"63 Bis Mạc Đĩnh Chi, Phường Đa Kao, Quận 1, Thành phố Hồ Chí Minh, Việt Nam",10.7854945,106.6986609
CÔNG TY TNHH THƯƠNG MẠI DỊCH VỤ - XUẤT NHẬP KHẨU NÔNG SẢN T&T,"Số 4 Đường Trần Nhật Duật, Phường Tân Định, Quận 1, Thành phố Hồ Chí Minh, Việt Nam",10.7920372,106.6896789
CÔNG TY CỔ PHẦN SAI GON TECH GROUP,"268-270 Võ Văn Kiệt, Phường Cầu Ông Lãnh, Quận 1, Thành phố Hồ Chí Minh, Việt Nam",10.7628482,106.6968892
CÔNG TY CỔ PHẦN ĐẦU TƯ KIM LAM,"Lầu 11 Toà nhà Empress Tower; 138-142 Hai Bà Trưng , Phường Đa Kao, Quận 1, Thành phố Hồ Chí Minh, Việt Nam",10.7844695,106.696688
CÔNG TY TNHH ĐẦU TƯ THƯƠNG MẠI LW,"30A Hồ Hảo Hớn, Phường Cô Giang, Quận 1, Thành phố Hồ Chí Minh, Việt Nam",10.7607479,106.6931166
CÔNG TY CỔ PHẦN THƯƠNG MẠI TỔNG HỢP CÔNG NGHỆ CAO HTG,"L17-11, Tầng 17, Tòa Nhà Vincom Center, Số 72 Lê Thánh Tôn, Phường Bến Nghé, Quận 1, Thành phố Hồ Chí Minh, Việt Nam",10.7780202,106.7019901
CÔNG TY CỔ PHẦN XÂY DỰNG VÀ KINH DOANH ĐỊA ỐC ANTECCONS,"231-233 Lê Thánh Tôn, Phường Bến Thành, Quận 1, Thành phố Hồ Chí Minh, Việt Nam",10.771507,106.6948628
CÔNG TY CỔ PHẦN ĐẦU TƯ ATLANTIC GROUP,"Tầng 34, Bitexco Financial Tower, số 2 Hải Triều, Phường Bến Nghé, Quận 1, Thành phố Hồ Chí Minh, Việt Nam",10.7719839,106.7043912
CÔNG TY TNHH ĐẦU TƯ THƯƠNG MẠI DỊCH VỤ XUÂN BỐN MÙA,"146 Phạm Viết Chánh , Phường Nguyễn Cư Trinh, Quận 1, Thành phố Hồ Chí Minh, Việt Nam",10.7666412,106.6833758
CÔNG TY CỔ PHẦN DƯỢC PHẨM QUỐC TẾ HELIO,"81 Cách Mạng Tháng 8, Phường Bến Thành, Quận 1, Thành phố Hồ Chí Minh, Việt Nam",10.7720656,106.6918859
CÔNG TY TNHH NOOU STUDIO,"45 Đinh Công Tráng , Phường Tân Định, Quận 1, Thành phố Hồ Chí Minh, Việt Nam",10.7894866,106.6915274
CÔNG TY CỔ PHẦN VẠN AN LAND,"Tầng 1, Tòa Nhà PVFCCO BUILDING, 43 Mạc Đĩnh Chi, Phường Đa Kao, Quận 1, Thành phố Hồ Chí Minh, Việt Nam",10.7857424,106.6978959
CÔNG TY CỔ PHẦN TÍCH HỢP TRÍ TUỆ NHÂN ÁI TOÀN CẦU GKI ORGANIZATION,"156 Đường Nam Kỳ Khởi Nghĩa, Phường Bến Nghé, Quận 1, Thành phố Hồ Chí Minh, Việt Nam",10.7795665,106.6951864
CÔNG TY TNHH MTV DỊCH VỤ BẤT ĐỘNG SẢN MINH ANH,"Số 9 Đinh Tiên Hoàng, Phường Đa Kao, Quận 1, Thành phố Hồ Chí Minh, Việt Nam",10.7877159,106.699993
CÔNG TY TNHH TẬP ĐOÀN HANA HOLDINGS,"85 Hoàng Sa, Phường Đa Kao, Quận 1, Thành phố Hồ Chí Minh, Việt Nam",10.7925239,106.7018345
CÔNG TY TNHH IBENETOR,"156, Nam Kỳ Khởi Nghĩa, Phường Bến Nghé, Quận 1, Thành phố Hồ Chí Minh, Việt Nam",10.7795665,106.6951864
CÔNG TY TNHH ROCO MEDIA,"L17-11, Tầng 17, Tòa nhà Vincom Center Đồng Khởi, 72 Lê Thánh Tôn, Phường Bến Nghé, Quận 1, Thành phố Hồ Chí Minh, Việt Nam",10.7779716,106.7016504
CÔNG TY CP ĐẦU TƯ TRAVELLOOK,"L18-11-13, Tầng 18, Tòa nhà Vincom Center Đồng khởi, 72 Lê Thánh Tôn, Phường Bến Nghé, Quận 1, Thành phố Hồ Chí Minh, Việt Nam",10.7779716,106.7016504
CÔNG TY CỔ PHẦN JRN LOGISTICS,"Tầng 19, khu văn phòng, Tòa nhà Indochina Park Tower, Số 4 Nguyễn Đình Chiểu, Phường Đa Kao, Quận 1, Thành phố Hồ Chí Minh, Việt Nam",10.7917327,106.7023283
CÔNG TY CỔ PHẦN HYDRO GREEN,"85 Hoàng Sa, Phường Đa Kao, Quận 1, Thành phố Hồ Chí Minh, Việt Nam",10.7925239,106.7018345
CÔNG TY CỔ PHẦN DƯỢC AIKYA,"Lầu 56, Tòa nhà Bitexco Financial Tower, Số 2 Hải Triều, Phường Bến Nghé, Quận 1, Thành phố Hồ Chí Minh, Việt Nam",10.7719839,106.7043912
CÔNG TY CỔ PHẦN ĐẦU TƯ VÀ XÂY DỰNG TRÍ VIỆT,"Tầng 19, khu văn phòng, Tòa nhà Indochina Park Tower, Số 4 Nguyễn Đình Chiểu, Phường Đa Kao, Quận 1, Thành phố Hồ Chí Minh, Việt Nam",10.7917327,106.7023283
CÔNG TY TNHH PHÁT TRIỂN REBORN,"130 Nguyễn Công Trứ, Phường Nguyễn Thái Bình, Quận 1, Thành phố Hồ Chí Minh, Việt Nam",10.769304,106.701912
CÔNG TY CỔ PHẦN ONE ZILLION,"Tòa nhà SGR, số 167-169 Điện Biên Phủ, Phường Đa Kao, Quận 1, Thành phố Hồ Chí Minh, Việt Nam",10.7870656,106.6945658
CÔNG TY TNHH TƯ VẤN XÚC TIẾN ĐẦU TƯ THANH BÌNH,"8a/G10 Thái Văn Lung, Phường Bến Nghé, Quận 1, Thành phố Hồ Chí Minh, Việt Nam",10.7793822,106.7056044
CÔNG TY TNHH TẬP ĐOÀN ĐẦU TƯ BRIDGEWAY HOLDINGS,"Phòng 1203, Lầu 12, Tòa Nhà Friendship Tower, 31 Lê Duẩn, Phường Bến Nghé, Quận 1, Thành phố Hồ Chí Minh, Việt Nam",10.7825466,106.7008806
CÔNG TY TNHH ĐẦU TƯ VÀ PHÁT TRIỂN VỸ THUYÊN,"252 Lê Thánh Tôn, Phường Bến Thành, Quận 1, Thành phố Hồ Chí Minh, Việt Nam",10.7723927,106.6961128
CÔNG TY TNHH TẬP ĐOÀN THƯƠNG MẠI REGIS,"Phòng 1203, Lầu 12, Tòa Nhà Friendship Tower, 31 Lê Duẩn, Phường Bến Nghé, Quận 1, Thành phố Hồ Chí Minh, Việt Nam",10.7825466,106.7008806
CÔNG TY TNHH ĐẦU TƯ PHÁT TRIỂN MY LAND,"Căn hộ số L636OT01, Tầng 36, Tòa L6 Vinhomes Golden River, Số 02 Tôn Đức Thắng, Phường Bến Nghé, Quận 1, Thành phố Hồ Chí Minh, Việt Nam",10.7867421,106.710601
CÔNG TY TNHH ĐẦU TƯ MAI TÂM ANH,"Tầng 14, Tòa nhà Lim 3, 29A Nguyễn Đình Chiểu, Phường Đa Kao, Quận 1, Thành phố Hồ Chí Minh, Việt Nam",10.787193,106.6984661
CÔNG TY CỔ PHẦN CÔNG NGHỆ TAKIRA VIỆT NAM,"53/75 Trần Khánh Dư, Phường Tân Định, Quận 1, Thành phố Hồ Chí Minh, Việt Nam",10.7944867,106.6913181
CÔNG TY CỔ PHẦN TẬP ĐOÀN VIỆT NAM THẾ GIỚI,"L17-11, Tầng 17, Tòa Nhà Vincom Center, Số 72 Lê Thánh Tôn, Phường Bến Nghé, Quận 1, Thành phố Hồ Chí Minh, Việt Nam",10.7780202,106.7019901
CÔNG TY CỔ PHẦN SÀI GÒN PHÚ MỸ,"1+2 Phạm Ngũ Lão, Phường Phạm Ngũ Lão, Quận 1, Thành phố Hồ Chí Minh, Việt Nam",10.7687264,106.6943118
CÔNG TY CỔ PHẦN TẬP ĐOÀN ĐẦU TƯ VÀ PHÁT TRIỂN DAVICO,"Tầng 18, Tòa nhà Vincom Center Đồng Khởi, 72 Lê Thánh Tôn, Phường Bến Nghé, Quận 1, Thành phố Hồ Chí Minh, Việt Nam",10.7779716,106.7016504
CÔNG TY TNHH OVERSEAS SG VIỆT NAM,"Tầng 16, Tòa nhà Saigon Tower, số 29 Lê Duẩn, Phường Bến Nghé, Quận 1, Thành phố Hồ Chí Minh, Việt Nam",10.7826665,106.7012126
CÔNG TY TNHH MTV 989,"Tầng 16,46&56 Tòa Nhà Bitexco Financial Tower, số 2 Hải Triều, Phường Bến Nghé, Quận 1, Thành phố Hồ Chí Minh, Việt Nam",10.7719839,106.7043912
CÔNG TY TNHH HARUMI CARE,"Tòa nhà Mê Linh Point, Số 2 Ngô Đức Kế, Phường Bến Nghé, Quận 1, Thành phố Hồ Chí Minh, Việt Nam",10.7746886,106.7059074
CÔNG TY CỔ PHẦN VINSON GROUP,"187/7, Điện Biên Phủ, Phường Đa Kao, Quận 1, Thành phố Hồ Chí Minh, Việt Nam",10.7866226,106.6944491
CÔNG TY CỔ PHẦN ĐẦU TƯ L1NK,"Lầu 1 - Tòa nhà Sunshine, 74C Đường Nguyễn Văn Cừ, Phường Nguyễn Cư Trinh, Quận 1, Thành phố Hồ Chí Minh, Việt Nam",10.757038,106.685183
CÔNG TY CP SOVICO DS HEALTHCARE,"Tầng 14, Tòa nhà HD Tower, 25bis Nguyễn Thị Minh Khai, Phường Bến Nghé, Quận 1, Thành phố Hồ Chí Minh, Việt Nam",10.7916869,106.7024367
CÔNG TY TNHH KHOA HỌC VÀ CÔNG NGHỆ S4L,"231-233 Lê Thánh Tôn, Phường Bến Thành, Quận 1, Thành phố Hồ Chí Minh, Việt Nam",10.771507,106.6948628
CÔNG TY TNHH ĐẦU TƯ QUỐC TẾ TRƯỜNG BẢO LAND,"Lầu 3, Tòa nhà Sunshine Building, 74C Nguyễn Văn Cừ, Phường Nguyễn Cư Trinh, Quận 1, Thành phố Hồ Chí Minh, Việt Nam",10.7570529,106.685187
CÔNG TY TNHH HƯNG PHÁT INVEST HÀ NỘI,"Số 2 Tôn Đức Thắng, Phường Bến Nghé, Quận 1, Thành phố Hồ Chí Minh, Việt Nam",10.7849515,106.709737
CÔNG TY TNHH THƯƠNG MẠI DỊCH VỤ XUẤT NHẬP KHẨU NGỌC HẢI,"41/1 Cô Giang , Phường Cầu Ông Lãnh, Quận 1, Thành phố Hồ Chí Minh, Việt Nam",10.7668315,106.6963795
CÔNG TY TNHH THE COSME,"Phòng 8.6, Lầu 8, Toà nhà Le Meridien, 3C Tôn Đức Thắng , Phường Bến Nghé, Quận 1, Thành phố Hồ Chí Minh, Việt Nam",10.7797911,106.7075282
CÔNG TY TNHH PHÁT TRIỂN BẤT ĐỘNG SẢN LONG THỊNH PHÁT,"116E Nguyễn Đình Chiểu, Phường Đa Kao, Quận 1, Thành phố Hồ Chí Minh, Việt Nam",10.7852895,106.6963815
CÔNG TY TNHH  ĐẦU TƯ PHÁT TRIỂN XUẤT NHẬP KHẨU THIÊN THIÊN PHÚC,"47 Đường số 4, Phường Bến Nghé, Quận 1, Thành phố Hồ Chí Minh, Việt Nam",10.755772,106.70309
CÔNG TY TNHH THƯƠNG MẠI DỊCH VỤ PHÂN BÓN THÁI DƯƠNG,"Tầng trệt, Tòa Nhà Rosana, Số 60 Nguyễn Đình Chiểu, Phường Đa Kao, Quận 1, Thành phố Hồ Chí Minh, Việt Nam",10.7883616,106.6991972
CÔNG TY CỔ PHẦN KINH DOANH XUẤT NHẬP KHẨU MAI YẾN NGỌC,"Tầng 2 số 81 Cách Mạng Tháng 8, Phường Bến Thành, Quận 1, Thành phố Hồ Chí Minh, Việt Nam",10.7716209,106.6934058
CÔNG TY TNHH THƯƠNG MẠI APEX,"137 Nguyễn Thái Bình, Phường Nguyễn Thái Bình, Quận 1, Thành phố Hồ Chí Minh, Việt Nam",10.7684174,106.699059
CÔNG TY CỔ PHẦN CỬA THẦN KỲ,"55 Nam Kỳ Khởi Nghĩa, Phường Nguyễn Thái Bình, Quận 1, Thành phố Hồ Chí Minh, Việt Nam",10.770682,106.701104
Horizon Tower,"214 Đ. Trần Quang Khải, Phường Tân Định, Quận 1, Hồ Chí Minh, Việt Nam",10.7915217,106.6880446
363 Hoàng Sa,"363 Đ. Hoàng Sa, Phường Tân Định, Quận 1, Hồ Chí Minh 70000, Việt Nam",10.7937869,106.6864603
Indochina Park Tower,"Indochina Park Tower, 4 Nguyễn Đình Chiểu, Đa Kao, Quận 1, Hồ Chí Minh 700000, Việt Nam",10.7916869,106.7024367
The Marq,"The Marq, 29b Nguyễn Đình Chiểu, Đa Kao, Quận 1, Hồ Chí Minh 700000, Việt Nam",10.7876074,106.698745
Vinhomes Golden River,"2 Đ. Tôn Đức Thắng, Bến Nghé, Quận 1, Hồ Chí Minh 700000, Việt Nam",10.7784022,106.7062817
Dự án The MarQ District 1,"The Marq, 29b Nguyễn Đình Chiểu, Đa Kao, Quận 1, Hồ Chí Minh 700000",10.7876074,106.698745
Dự án Horizon Tower,"214 Đ. Trần Quang Khải, Phường Tân Định, Quận 1, Hồ Chí Minh, Việt Nam",10.7915217,106.6880446
Cao ốc Văn phòng và căn hộ Bến Thành AA,"136 Đ. Lê Thị Hồng Gấm, Phường Nguyễn Thái Bình, Quận 1, Hồ Chí Minh, Việt Nam",10.7687916,106.6971722
Grand Marina Saigon,"2 Đ. Tôn Đức Thắng, Bến Nghé, Quận 1, Hồ Chí Minh, Việt Nam",10.7849515,106.709737
The Vertex Private Residences,"3A Đ. Tôn Đức Thắng, Bến Nghé, Quận 1, Hồ Chí Minh 700000, Việt Nam",10.7770591,106.7065429
Cao ốc The Nexus,"3b Đ. Tôn Đức Thắng, Bến Nghé, Quận 1, Hồ Chí Minh 700000, Việt Nam",10.7789834,106.7071898
Căn hộ Madison,"15 Thi Sách, Bến Nghé, Quận 1, Hồ Chí Minh, Việt Nam",10.7783124,106.7041839
Ascott Waterfront Saigon,"QPJ5+62 Quận 1, Hồ Chí Minh, Việt Nam",10.7805625,106.7075625
Vinhomes Đồng Khởi,"72 Đ. Lê Thánh Tôn, Bến Nghé, Quận 1, Hồ Chí Minh 700000, Việt Nam",10.7781321,106.7018932
Avalon Saigon,"53 Đ. Nguyễn Thị Minh Khai, Bến Nghé, Quận 1, Hồ Chí Minh 70000, Việt Nam",10.7796631,106.6955005
The Lancaster,"20-22 Bis Đ. Lê Thánh Tôn, Bến Nghé, Quận 1, Hồ Chí Minh, Việt Nam",10.7759082,106.7006517
Sailing Tower,"111A Pasteur, Bến Nghé, Quận 1, Hồ Chí Minh, Việt Nam",10.7802242,106.6957904
The One Sài Gòn,"45 Đ. Đặng Thị Nhu, Phường Nguyễn Thái Bình, Quận 1, Hồ Chí Minh, Việt Nam",10.7689617,106.6970826
The Spirit Of Saigon,"1 Phạm Ngũ Lão, Phường Nguyễn Thái Bình, Quận 1, Hồ Chí Minh 700000, Việt Nam",10.7706218,106.6990993
Masterise Ba Son,"2 Đ. Tôn Đức Thắng, Bến Nghé, Quận 1, Hồ Chí Minh, Việt Nam",10.7849515,106.709737
New Pearl Residence,"266 Đ. Đề Thám, Phường Phạm Ngũ Lão, Quận 1, Hồ Chí Minh, Việt Nam",10.7684037,106.6936397
Trường Đại học Khoa học Xã hội và Nhân văn,"10-12 Đ. Đinh Tiên Hoàng, Bến Nghé, Quận 1, Hồ Chí Minh, Việt Nam",10.7859889,106.702491
Trường Đại học Mở TP.HCM - Cơ sở 2,"37 Hồ Hảo Hớn, Phường Cô Giang, Quận 1, Hồ Chí Minh, Việt Nam",10.761083,106.6922355
Trường Đại học Mở TP. Hồ Chí Minh - Cơ sở 4,"2 Đ. Mai Thị Lựu, Đa Kao, Quận 1, Hồ Chí Minh, Việt Nam",10.7905873,106.7003956
Trường Đại học Ngân hàng TP.HCM,"36 Tôn Thất Đạm, Phường Nguyễn Thái Bình, Quận 1, Hồ Chí Minh, Việt Nam",10.7701603,106.7039075
Viện Đào Tạo Quốc Tế - ĐH Ngân Hàng TPHCM,"39 Hàm Nghi, Phường Nguyễn Thái Bình, Quận 1, Hồ Chí Minh, Việt Nam",10.7704987,106.7048035
Trường Đại học Sân khấu – Điện ảnh TP.HCM,"125 Đ. Cống Quỳnh, Phường Nguyễn Cư Trinh, Quận 1, Hồ Chí Minh, Việt Nam",10.7658364,106.689633
Khoa Dược - Đại học Y Dược TP.HCM,"43 Đ. Đinh Tiên Hoàng, Bến Nghé, Quận 1, Hồ Chí Minh, Việt Nam",10.7852483,106.7022261
Trường Đại học Hoa Sen,"8 Nguyễn Văn Tráng, Phường Bến Thành, Quận 1, Hồ Chí Minh 700000, Việt Nam",10.7702198,106.6925234
Viện Đào Tạo Trực Tuyến - Trường Đại Học Hoa Sen,"8 Nguyễn Văn Tráng, Phường Bến Thành, Quận 1, Hồ Chí Minh 700000, Việt Nam",10.7702198,106.6925234
Trường Đại học Văn Lang - Cơ sở 1,"45 Nguyễn Khắc Nhu, Phường Cô Giang, Quận 1, Hồ Chí Minh 700000, Việt Nam",10.7627591,106.6933065
"Học viện Công nghệ Bưu chính Viễn thông
 (cơ sở 2)","11 Nguyễn Đình Chiểu, Đa Kao, Quận 1, Hồ Chí Minh 700000, Việt Nam",10.7894139,106.700752
Nhạc viện TP.HCM,"112 Đ. Nguyễn Du, Phường Bến Thành, Quận 1, Hồ Chí Minh, Việt Nam",10.7743224,106.6950214
Nhạc Viện Tp. Hcm - Khoa Tại Chức,"77 Lý Tự Trọng, Phường Bến Thành, Quận 1, Hồ Chí Minh, Việt Nam",10.7746188,106.6980591
Trường Cao đẳng Kỹ thuật Cao Thắng,"65 Đ. Huỳnh Thúc Kháng, Bến Nghé, Quận 1, Hồ Chí Minh 700000, Việt Nam",10.7719537,106.701466
Trường Cao đẳng Kỹ thuật Nguyễn Trường Tộ,"2 Đ. Mai Thị Lựu, Đa Kao, Quận 1, Hồ Chí Minh, Việt Nam",10.7905873,106.7003956
Trường Cao đẳng nghề Thành phố Hồ Chí Minh,"235 Đ. Hoàng Sa, Phường Tân Định, Quận 1, Hồ Chí Minh, Việt Nam",10.7941355,106.6872779
Trường Cao đẳng Văn hóa Nghệ thuật TP.HCM,"5 Đ.Nam Quốc Cang, Phường Phạm Ngũ Lão, Quận 1, Hồ Chí Minh, Việt Nam",10.7676675,106.6877616
CÔNG TY TNHH KHÁCH SẠN ĐẶNG DUNG,"54 Đặng Dung, Phường Tân Định, Quận 1, Thành phố Hồ Chí Minh, Việt Nam",10.7924006,106.6884172
CÔNG TY TNHH DU LỊCH KHÁCH SẠN ANH DUY,"103 Nguyễn Công Trứ, Phường Nguyễn Thái Bình, Quận 1, Thành phố Hồ Chí Minh, Việt Nam",10.7678587,106.7001301
CÔNG TY TNHH KHÁCH SẠN ASIAN RUBY CENTER POINT,"46 - 48 Mạc Thị Bưởi, Phường Bến Nghé, Quận 1, Thành phố Hồ Chí Minh, Việt Nam",10.7755138,106.7046841
CÔNG TY CỔ PHẦN KHÁCH SẠN VÀ DU LỊCH QUANG XUÂN,"380 Nguyễn Công Trứ, Phường Cầu Ông Lãnh, Quận 1, Thành phố Hồ Chí Minh, Việt Nam",10.7657368,106.6977606
CÔNG TY TNHH KHÁCH SẠN VŨ GIA,"12-14 Thái Văn Lung, Phường Bến Nghé, Quận 1, Thành phố Hồ Chí Minh, Việt Nam",10.7799732,106.7039528
CÔNG TY CỔ PHẦN ĐẦU TƯ KHÁCH SẠN VINA,"135 Hàm Nghi, Phường Nguyễn Thái Bình, Quận 1, Thành phố Hồ Chí Minh, Việt Nam",10.770707,106.7002289
CÔNG TY TNHH KHÁCH SẠN EMMI,"106-108 Trần Quang Khải, Phường Tân Định, Quận 1, Thành phố Hồ Chí Minh, Việt Nam",10.7923466,106.6926032
CÔNG TY CỔ PHẦN DU LỊCH VÀ KHÁCH SẠN THIÊN LAN,"Tầng 5, Số 343  Phạm Ngũ Lão, Phường Phạm Ngũ Lão, Quận 1, Thành phố Hồ Chí Minh, Việt Nam",10.766582,106.689254
CÔNG TY TNHH KHÁCH SẠN REGAL LUXURY,"133-135 Đường Calmette , Phường Nguyễn Thái Bình, Quận 1, Thành phố Hồ Chí Minh, Việt Nam",10.7684426,106.6988242
CÔNG TY CỔ PHẦN ĐẦU TƯ VÀ PHÁT TRIỂN KHÁCH SẠN 7S VIỆT NAM,"132 Hàm Nghi, Phường Bến Thành, Quận 1, Thành phố Hồ Chí Minh, Việt Nam",10.7713115,106.7003834
CÔNG TY TNHH KHÁCH SẠN ĐẠI NAM SÀI GÒN,"5/11 Nguyễn Siêu, Phường Bến Nghé, Quận 1, Thành phố Hồ Chí Minh, Việt Nam",10.7775966,106.7044971
CÔNG TY TNHH MTV ĐẦU TƯ NHÀ HÀNG KHÁCH SẠN PHỤNG HOÀNG,"Số 97 Bùi Viện, Phường Phạm Ngũ Lão, Quận 1, Thành phố Hồ Chí Minh, Việt Nam",10.7668261,106.6928104
CÔNG TY TNHH GIẢI PHÁP KHÁCH SẠN VÀ TRUYỀN THÔNG CHÂU Á,"Tầng 21, Tòa nhà Sài gòn Center 2, số 67 đường Lê Lợi, Phường Bến Nghé, Quận 1, Thành phố Hồ Chí Minh, Việt Nam",10.7733616,106.7005025
CÔNG TY TNHH KHÁCH SẠN THIÊN NHÂN,"230 Lý Tự Trọng, Phường Bến Thành, Quận 1, Thành phố Hồ Chí Minh, Việt Nam",10.7725506,106.6946828
CÔNG TY TNHH KHÁCH SẠN VÀ DU LỊCH MACHI,"Số 242 Nguyễn Công Trứ, Phường Nguyễn Thái Bình, Quận 1, Thành phố Hồ Chí Minh, Việt Nam",10.7677161,106.7001128
CÔNG TY CỔ PHẦN TẬP ĐOÀN KHÁCH SẠN A25 THÀNH PHỐ HỒ CHÍ MINH,"145 Lê Thị Riêng, Phường Bến Thành, Quận 1, Thành phố Hồ Chí Minh, Việt Nam",10.7702387,106.6893508
CÔNG TY TNHH KHÁCH SẠN CAROLINE VIET NAM,"186 Bis Trần Quang Khải, Phường Tân Định, Quận 1, Thành phố Hồ Chí Minh, Việt Nam",10.7919087,106.6914821
CÔNG TY TNHH KHÁCH SẠN KIM CƯƠNG XANH NEW,"8B-8C Lê Thánh Tôn, Phường Bến Nghé, Quận 1, Thành phố Hồ Chí Minh, Việt Nam",10.781723,106.7055202
CÔNG TY TNHH NHÀ HÀNG KHÁCH SẠN TRUNG PHƯỢNG,"241/10 Phạm Ngũ Lão, Phường Phạm Ngũ Lão, Quận 1, Thành phố Hồ Chí Minh, Việt Nam",10.7677395,106.6924937
CÔNG TY TNHH DỊCH VỤ THƯƠNG MẠI KHÁCH SẠN SAO MAY MẮN,"266 Đề Thám , Phường Phạm Ngũ Lão, Quận 1, Thành phố Hồ Chí Minh, Việt Nam",10.7684037,106.6936397
CÔNG TY TNHH KHÁCH SẠN ZANNIER VIỆT NAM,"L10-06, Tầng 10, Tòa nhà Vincom Center, 72 đường Lê Thánh Tôn, Phường Bến Nghé, Quận 1, Thành phố Hồ Chí Minh, Việt Nam",10.7775769,106.70161
CÔNG TY TNHH SAIGON ACADEMY LIÊN HIỆP NHÂN LỰC DU LỊCH VÀ KHÁCH SẠN,"187A7 Điện Biên Phủ, Phường Đa Kao, Quận 1, Thành phố Hồ Chí Minh, Việt Nam",10.7866576,106.6942221
CÔNG TY TNHH KHÁCH SẠN THẦN TÌNH YÊU,"2 Bis Nam Quốc Cang, Phường Phạm Ngũ Lão, Quận 1, Thành phố Hồ Chí Minh, Việt Nam",10.7678642,106.6877789
CÔNG TY TNHH MỘT THÀNH VIÊN KHÁCH SẠN NHÀ HÀNG LOTUS CENTRAL,"102-104-106 Lê Thị Hồng Gấm, Phường Nguyễn Thái Bình, Quận 1, Thành phố Hồ Chí Minh, Việt Nam",10.7692,106.6976075
CÔNG TY CỔ PHẦN KHÁCH SẠN BAMBOO SÀI GÒN,"220-222 Nguyễn Cư Trinh, Phường Nguyễn Cư Trinh, Quận 1, Thành phố Hồ Chí Minh, Việt Nam",10.7627469,106.686856
CÔNG TY TNHH KHÁCH SẠN NGÔI SAO XANH 2,"26 Đỗ Quang Đẩu, Phường Phạm Ngũ Lão, Quận 1, Thành phố Hồ Chí Minh, Việt Nam",10.7670162,106.6914119
CÔNG TY TNHH MỘT THÀNH VIÊN MINH MINH KHÁCH SẠN FOUR C,"305 Lý Tự Trọng, Phường Bến Thành, Quận 1, Thành phố Hồ Chí Minh, Việt Nam",10.7716974,106.6940079
CÔNG TY TNHH DỊCH VỤ KHÁCH SẠN HẠ VY,"16 - 18 Đỗ Quang Đẩu, Phường Phạm Ngũ Lão, Quận 1, Thành phố Hồ Chí Minh, Việt Nam",10.7664131,106.6911623
CÔNG TY TNHH KHÁCH SẠN TIMES SQUARE,"51 Cô Giang, Phường Cầu Ông Lãnh, Quận 1, Thành phố Hồ Chí Minh, Việt Nam",10.7640221,106.696226
CÔNG TY TNHH NHÀ HÀNG KHÁCH SẠN BIỂU TƯỢNG SÀI GÒN,"65-67 Hai Bà Trưng, Phường Bến Nghé, Quận 1, Thành phố Hồ Chí Minh, Việt Nam",10.7764433,106.7047399
CÔNG TY TNHH KHÁCH SẠN SEN VIỆT BOUTIQUE,"55/29-31-33 Lê Thị Hồng Gấm , Phường Nguyễn Thái Bình, Quận 1, Thành phố Hồ Chí Minh, Việt Nam",10.769447,106.6983755
"CÔNG TY TNHH TƯ VẤN DU LỊCH KHÁCH SẠN NHÀ HÀNG, QUẢN LÝ & DỊCH VỤ H M S","Tầng trệt - Rosana Tower - Số 60 Nguyễn Đình Chiểu, Phường Đa Kao, Quận 1, Thành phố Hồ Chí Minh, Việt Nam",10.7916869,106.7024367
CÔNG TY TNHH KHÁCH SẠN SKY GEM CENTRAL,"26-28 Đường Đông Du , Phường Bến Nghé, Quận 1, Thành phố Hồ Chí Minh, Việt Nam",10.7769406,106.7052625
CÔNG TY TNHH KHÁCH SẠN VIOLA,"29 Thủ Khoa Huân, Phường Bến Thành, Quận 1, Thành phố Hồ Chí Minh, Việt Nam",10.7736446,106.6970982
CÔNG TY TNHH ĐẦU TƯ DỊCH VỤ KHÁCH SẠN SAO MAI,"82 Tôn Thất Tùng, Phường Bến Thành, Quận 1, Thành phố Hồ Chí Minh, Việt Nam",10.7703435,106.6884341
CÔNG TY TNHH KHÁCH SẠN EMERALD BOUTIQUE,"28 Trương Định, Phường Bến Thành, Quận 1, Thành phố Hồ Chí Minh, Việt Nam",10.7719731,106.6962072
CÔNG TY TNHH ĐẦU TƯ KHÁCH SẠN JANUS,"168 Cống Quỳnh , Phường Phạm Ngũ Lão, Quận 1, Thành phố Hồ Chí Minh, Việt Nam",10.766173,106.689701
CÔNG TY TNHH KHÁCH SẠN OVER NIGHT,"Số 61 Phạm Viết Chánh , Phường Nguyễn Cư Trinh, Quận 1, Thành phố Hồ Chí Minh, Việt Nam",10.7658415,106.6825934
CÔNG TY TRÁCH NHIỆM HỮU HẠN KINH DOANH DỊCH VỤ KHÁCH SẠN SÀI GÒN,"7/16A Nguyễn Trãi, Phường Bến Thành, Quận 1, Thành phố Hồ Chí Minh, Việt Nam",10.7702698,106.6931143
CÔNG TY TNHH DỊCH VỤ DU LỊCH KHÁCH SẠN ANH DUY,"103 Nguyễn Công Trứ, Phường Nguyễn Thái Bình, Quận 1, Thành phố Hồ Chí Minh, Việt Nam",10.7678587,106.7001301
CÔNG TY TNHH KHÁCH SẠN LONG NAM,"Số 93 Đường Kí Con, Phường Nguyễn Thái Bình, Quận 1, Thành phố Hồ Chí Minh, Việt Nam",10.766806,106.69858
CÔNG TY TNHH NHÀ HÀNG KHÁCH SẠN QUÊ NHÀ,"Tầng trệt Rosana, Số 60 Nguyễn Đình chiểu, Phường Đa Kao, Quận 1, Thành phố Hồ Chí Minh, Việt Nam",10.7883616,106.6991972
CÔNG TY TNHH MỘT THÀNH VIÊN KHÁCH SẠN CHERRY BOUTIQUE,"15N Lê Thánh Tôn, Phường Bến Nghé, Quận 1, Thành phố Hồ Chí Minh, Việt Nam",10.7811669,106.7053821
CÔNG TY TNHH THƯƠNG MẠI DỊCH VỤ KAMALAN HOTEL - KHÁCH SẠN HOA NHÂN,"8B-8C Lê Thánh Tôn, Phường Bến Nghé, Quận 1, Thành phố Hồ Chí Minh, Việt Nam",10.781723,106.7055202
CÔNG TY TNHH MỘT THÀNH VIÊN KHÁCH SẠN MERAKI,"178 Bùi Viện, Phường Phạm Ngũ Lão, Quận 1, Thành phố Hồ Chí Minh, Việt Nam",10.7666772,106.691987
CÔNG TY TNHH MỘT THÀNH VIÊN KHÁCH SẠN SILVERLAND CHARNER,"Số 87-89 -91 Đường Hồ Tùng Mậu, Phường Bến Nghé, Quận 1, Thành phố Hồ Chí Minh, Việt Nam",10.772125,106.703525
CÔNG TY TNHH THƯƠNG MẠI DỊCH VỤ KHÁCH SẠN ADORA,"42-44 Đường Thủ Khoa Huân, Phường Bến Thành, Quận 1, Thành phố Hồ Chí Minh, Việt Nam",10.7744062,106.6968138
CÔNG TY CỔ PHẦN DỊCH VỤ DU LỊCH NHÀ HÀNG KHÁCH SẠN MINH ANH,"165/53 Nguyễn Thái Bình, Phường Nguyễn Thái Bình, Quận 1, Thành phố Hồ Chí Minh, Việt Nam",10.767682,106.698912
CÔNG TY TNHH KHÁCH SẠN ROSELAND CENTA,"Số 15/1A +15A/57A Lê Thánh Tôn , Phường Bến Nghé, Quận 1, Thành phố Hồ Chí Minh, Việt Nam",10.7809706,106.7051799
CÔNG TY TNHH MỘT THÀNH VIÊN KHÁCH SẠN THE MYST ĐỒNG KHỞI,"4-6-8 Hồ Huấn Nghiệp, Phường Bến Nghé, Quận 1, Thành phố Hồ Chí Minh, Việt Nam",10.7745003,106.705597
CÔNG TY CỔ PHẦN ĐẦU TƯ VÀ QUẢN LÝ KHÁCH SẠN TNH SÀI GÒN,"Lầu 12, số 180 - 192 Đường Nguyễn Công Trứ, Phường Nguyễn Thái Bình, Quận 1, Thành phố Hồ Chí Minh, Việt Nam",10.7658392,106.6990933
CÔNG TY TNHH MỘT THÀNH VIÊN KHÁCH SẠN LIÊN THÀNH,"37 - 39 - 41 - 43 Lê Anh Xuân, Phường Bến Thành, Quận 1, Thành phố Hồ Chí Minh, Việt Nam",10.7718146,106.6950383
CÔNG TY TNHH MỘT THÀNH VIÊN KHÁCH SẠN BEL AMI,"59 Đường Hai Bà Trưng, Phường Bến Nghé, Quận 1, Thành phố Hồ Chí Minh, Việt Nam",10.7767243,106.7046331
CÔNG TY TNHH KHÁCH SẠN EDEN GARDEN,"28/12-14+12/4 Bùi Viện, Phường Phạm Ngũ Lão, Quận 1, Thành phố Hồ Chí Minh, Việt Nam",10.768211,106.694598
CÔNG TY TNHH DU LỊCH VÀ KHÁCH SẠN BAARA,"216 đường Đề Thám, Phường Phạm Ngũ Lão, Quận 1, Thành phố Hồ Chí Minh, Việt Nam",10.7676279,106.6940839
CÔNG TY TNHH KHÁCH SẠN TÂN ĐỊNH,"50A Đặng Dung, Phường Tân Định, Quận 1, Thành phố Hồ Chí Minh, Việt Nam",10.792501,106.688895
CÔNG TY TNHH KHÁCH SẠN NHƯ GIA,"175/21 Phạm Ngũ Lão, Phường Phạm Ngũ Lão, Quận 1, Thành phố Hồ Chí Minh, Việt Nam",10.76841,106.694517
CÔNG TY TNHH NGUYỄN BÌNH KHÁCH SẠN HỒNG HẠC,"34A Thủ Khoa Huân, Phường Bến Thành, Quận 1, Thành phố Hồ Chí Minh, Việt Nam",10.7742439,106.697015
CÔNG TY TNHH MỘT THÀNH VIÊN THƯƠNG MẠI KHÁCH SẠN NÉT ĐẸP SÀI GÒN,"153 Lý Tự Trọng, Phường Bến Thành, Quận 1, Thành phố Hồ Chí Minh, Việt Nam",10.7735382,106.6965853
CÔNG TY TNHH KHÁCH SẠN VÂN ANH LUXURY,"145 Ký Con, Phường Nguyễn Thái Bình, Quận 1, Thành phố Hồ Chí Minh, Việt Nam",10.768015,106.6975967
CÔNG TY TNHH MỘT THÀNH VIÊN KHÁCH SẠN HOLIDAY,"270 Lý Tự Trọng, Phường Bến Thành, Quận 1, Thành phố Hồ Chí Minh, Việt Nam",10.7718404,106.6937231
CÔNG TY TNHH MỘT THÀNH VIÊN KHÁCH SẠN UP TOWN,"11-13 Lưu Văn Lang, Phường Bến Thành, Quận 1, Thành phố Hồ Chí Minh, Việt Nam",10.7733772,106.699297
CÔNG TY TNHH KHÁCH SẠN HOÀNG NGA,"70 Nguyễn Trãi, Phường Bến Thành, Quận 1, Thành phố Hồ Chí Minh, Việt Nam",10.7703647,106.6917695
CÔNG TY TNHH TM DV DU LỊCH NHÀ HÀNG KHÁCH SẠN QUÊ HƯƠNG,"Tầng 18, TNR Building, 180-192 Nguyễn Công Trứ, Phường Nguyễn Thái Bình, Quận 1, Thành phố Hồ Chí Minh, Việt Nam",10.7686477,106.7010975
CÔNG TY TNHH DU LỊCH KHÁCH SẠN BRIGHT SKY,"157 Nguyễn Du, Phường Bến Thành, Quận 1, Thành phố Hồ Chí Minh, Việt Nam",10.7722465,106.6929446
CÔNG TY TNHH KHÁCH SẠN 8B,"8B-8C Lê Thánh Tôn, Phường Bến Nghé, Quận 1, Thành phố Hồ Chí Minh, Việt Nam",10.781723,106.7055202
CÔNG TY TNHH THƯƠNG MẠI DỊCH VỤ KHÁCH SẠN MM,"21 BÙI THỊ XUÂN, Phường Bến Thành, Quận 1, Thành phố Hồ Chí Minh, Việt Nam",10.7717108,106.6904428
CÔNG TY TNHH CUNG CẤP TRANG THIẾT BỊ NHÀ HÀNG & KHÁCH SẠN J & K HORECA SUPPLIES,"36 Bis/2 Lê Lợi, Phường Bến Nghé, Quận 1, Thành phố Hồ Chí Minh, Việt Nam",10.776333,106.7025344
CÔNG TY TNHH MỘT THÀNH VIÊN KHÁCH SẠN ROSELAND POINT,"Số 65 Hồ Tùng Mậu, Phường Bến Nghé, Quận 1, Thành phố Hồ Chí Minh, Việt Nam",10.7717737,106.7037347
CÔNG TY TNHH DỊCH VỤ CĂN HỘ KHÁCH SẠN MIHOKI,"Tầng 16 Tòa nhà Saigon Tower, 29 Lê Duẩn, Phường Bến Nghé, Quận 1, Thành phố Hồ Chí Minh, Việt Nam",10.7826665,106.7012126
CÔNG TY TNHH THƯƠNG MẠI DỊCH VỤ KHÁCH SẠN NHƯ PHÚC,"Số 269/11/8 Nguyễn Trãi, Phường Nguyễn Cư Trinh, Quận 1, Thành phố Hồ Chí Minh, Việt Nam",10.763964,106.687893
CÔNG TY TNHH NHÀ HÀNG  KHÁCH SẠN ĐẤT MẸ,"20 Nguyễn Văn Giai, Phường Đa Kao, Quận 1, Thành phố Hồ Chí Minh, Việt Nam",10.791771,106.697022
CÔNG TY CỔ PHẦN ĐẦU TƯ DỊCH VỤ KHÁCH SẠN ÁNH DƯƠNG,"4 Cao Bá Quát, Phường Bến Nghé, Quận 1, Thành phố Hồ Chí Minh, Việt Nam",10.7789351,106.7046561
CÔNG TY TNHH KHÁCH SẠN PARIS GOLD,"175/21 Phạm Ngũ Lão, Phường Phạm Ngũ Lão, Quận 1, Thành phố Hồ Chí Minh, Việt Nam",10.76841,106.694517
CÔNG TY TNHH KHÁCH SẠN MẶT TRỜI MỌC,"549 Trần Hưng Đạo, Phường Cầu Kho, Quận 1, Thành phố Hồ Chí Minh, Việt Nam",10.7571771,106.6863106
CÔNG TY TNHH THƯƠNG MẠI DỊCH VỤ THIẾT BỊ NHÀ HÀNG KHÁCH SẠN P&A,"53 Nguyễn Văn Giai, Phường Đa Kao, Quận 1, Thành phố Hồ Chí Minh, Việt Nam",10.79158,106.6972472
CÔNG TY TNHH KHÁCH SẠN CITITEL CÁCH MẠNG THÁNG 8,"Số 51-53-55 Cách Mạng Tháng Tám, Phường Bến Thành, Quận 1, Thành phố Hồ Chí Minh, Việt Nam",10.7717905,106.6923204
CÔNG TY TNHH KHÁCH SẠN NBK,"31 Nguyễn Trãi, Phường Bến Thành, Quận 1, Thành phố Hồ Chí Minh, Việt Nam",10.7707938,106.6926862
CÔNG TY TNHH KHÁCH SẠN ROSELAND SAIGON,"Số 10A-10B-10C đường Thái Văn Lung + 17/15-17/19 đường Lê Thánh Tôn, Phường Bến Nghé, Quận 1, Thành phố Hồ Chí Minh, Việt Nam",10.779156,106.704397
CÔNG TY CỔ PHẦN KHÁCH SẠN HERITAGE VIỆT NAM,"8A/3C1-8A/2C1 Thái Văn Lung, Phường Bến Nghé, Quận 1, Thành phố Hồ Chí Minh, Việt Nam",10.779233,106.7048174
CÔNG TY TNHH ĐẦU TƯ THƯƠNG MẠI DỊCH VỤ KHÁCH SẠN SÀI GÒN,"7/16A Nguyễn Trãi, Phường Bến Thành, Quận 1, Thành phố Hồ Chí Minh, Việt Nam",10.7702698,106.6931143
CÔNG TY TNHH DỊCH VỤ DU LỊCH VÀ KHÁCH SẠN AT&T,"92B Lê Lai, Phường Bến Thành, Quận 1, Thành phố Hồ Chí Minh, Việt Nam",10.7700392,106.6935542
CÔNG TY TNHH DU LỊCH KHÁCH SẠN ĐỆ NHẤT TÂN BÌNH 5 SAO,"Lầu 7, Tòa nhà Vinaconex Building, số 47 đường Điện Biên Phủ, Phường Đa Kao, Quận 1, Thành phố Hồ Chí Minh, Việt Nam",10.7909927,106.6983565
CÔNG TY TNHH THƯƠNG MẠI DU LỊCH KHÁCH SẠN ACE,"100 Lý Tự Trọng, Phường Bến Thành, Quận 1, Thành phố Hồ Chí Minh, Việt Nam",10.7743207,106.6972723
CÔNG TY TNHH THƯƠNG MẠI DỊCH VỤ KHÁCH SẠN DANDY,"1C2 – 1C3 Nguyễn Đình Chiểu, Phường Đa Kao, Quận 1, Thành phố Hồ Chí Minh, Việt Nam",10.769787,106.681731
CÔNG TY TNHH KHÁCH SẠN ROSELAND SWEET,"Số 04 Cao Bá Quát, Phường Bến Nghé, Quận 1, Thành phố Hồ Chí Minh, Việt Nam",10.7788274,106.7047868
CÔNG TY TNHH DU LỊCH - KHÁCH SẠN LEXINGTON,"34A Thủ Khoa Huân, Phường Bến Thành, Quận 1, Thành phố Hồ Chí Minh, Việt Nam",10.7742439,106.697015
CÔNG TY TNHH DU LỊCH KHÁCH SẠN VINA XAVIER,"25 Trương Định, Phường Bến Thành, Quận 1, Thành phố Hồ Chí Minh, Việt Nam",10.7716961,106.6961077
DOANH NGHIỆP TƯ NHÂN KHÁCH SẠN ACE,"100 Lý Tự Trọng, Phường Bến Thành, Quận 1, Thành phố Hồ Chí Minh, Việt Nam",10.7743207,106.6972723
CÔNG TY TNHH KHÁCH SẠN KIM CƯƠNG XANH LUXURY,"6B - 6B1 Đường Thi Sách , Phường Bến Nghé, Quận 1, Thành phố Hồ Chí Minh, Việt Nam",10.7778271,106.7054623
CÔNG TY TNHH KHÁCH SẠN VÀ DU LỊCH JAVADO,"51 Thủ Khoa Huân , Phường Bến Thành, Quận 1, Thành phố Hồ Chí Minh, Việt Nam",10.7742702,106.6965772
CÔNG TY CỔ PHẦN NHÀ HÀNG KHÁCH SẠN EM VÀ EM,"21 Bùi Thị Xuân, Phường Bến Thành, Quận 1, Thành phố Hồ Chí Minh, Việt Nam",10.7717108,106.6904428
CÔNG TY TNHH KHÁCH SẠN THE MYST INSTALLATION,"24-26-28-28B đường Ngô Văn Năm , Phường Bến Nghé, Quận 1, Thành phố Hồ Chí Minh, Việt Nam",10.7807664,106.7067654
CÔNG TY TNHH TM-DV THIẾT BỊ NHÀ HÀNG KHÁCH SẠN KIẾN PHONG,"65 Mai Thị Lựu, Phường Đa Kao, Quận 1, Thành phố Hồ Chí Minh, Việt Nam",10.791749,106.698256
CÔNG TY TNHH KHÁCH SẠN 3 SAO PHẠM TRẦN GIA - HARTO,"115 - 117 Tôn Thất Đạm, Phường Bến Nghé, Quận 1, Thành phố Hồ Chí Minh, Việt Nam",10.772155,106.7027109
CÔNG TY TNHH MỘT THÀNH VIÊN KHÁCH SẠN ĐẠI NAM HUY,"51 Cô Bắc, Phường Cầu Ông Lãnh, Quận 1, Thành phố Hồ Chí Minh, Việt Nam",10.764946,106.695128
CÔNG TY CỔ PHẦN ĐẦU TƯ PHÁT TRIỂN KHÁCH SẠN THÀNH VÂN,"Tầng 9, Tòa nhà CJ, 2Bis-4-6 Lê Thánh Tôn, Phường Bến Nghé, Quận 1, Thành phố Hồ Chí Minh, Việt Nam",10.7821826,106.7053587
CÔNG TY TNHH KHÁCH SẠN BLESSING PALACE,"Số 18 Cao Bá Quát, Phường Bến Nghé, Quận 1, Thành phố Hồ Chí Minh, Việt Nam",10.778054,106.7041436
CÔNG TY TNHH THƯƠNG MẠI KHÁCH SẠN SUNFLOWER - ADORA ART HOTEL,"189-191 đường Lý Tự Trọng, Phường Bến Thành, Quận 1, Thành phố Hồ Chí Minh, Việt Nam",10.7731109,106.6960576
CÔNG TY TNHH KHÁCH SẠN BẾN THÀNH BOUTIQUE,"66-68 Hai Bà Trưng, Phường Bến Nghé, Quận 1, Thành phố Hồ Chí Minh, Việt Nam",10.7774647,106.7042927
CÔNG TY TNHH THƯƠNG MẠI KHÁCH SẠN MISS SAIGON,"117 Bùi Viện, Phường Phạm Ngũ Lão, Quận 1, Thành phố Hồ Chí Minh, Việt Nam",10.7665704,106.6922548
CÔNG TY TNHH MỘT THÀNH VIÊN KHÁCH SẠN ALUNA BẾN THÀNH,"48 - 50 Nguyễn An Ninh, Phường Bến Thành, Quận 1, Thành phố Hồ Chí Minh, Việt Nam",10.7718545,106.6965247
CÔNG TY TNHH DU LỊCH - KHÁCH SẠN ROSA HOTEL & SPA,"55 Thủ Khoa Huân, Phường Bến Thành, Quận 1, Thành phố Hồ Chí Minh, Việt Nam",10.7743106,106.6965003
CÔNG TY TNHH KHÁCH SẠN QUẢNG TRƯỜNG QUỐC TẾ,"39 Nguyễn Thị Minh Khai, Phường Bến Nghé, Quận 1, Thành phố Hồ Chí Minh, Việt Nam",10.7813572,106.6967754
CÔNG TY TNHH DỊCH VỤ DU LỊCH KHÁCH SẠN LAMENDA,"241/34 Phạm Ngũ Lão, Phường Phạm Ngũ Lão, Quận 1, Thành phố Hồ Chí Minh, Việt Nam",10.7673413,106.6926605
CÔNG TY TNHH DU LỊCH KHÁCH SẠN LÝ PHONG VŨ,"138 Ký Con, Phường Nguyễn Thái Bình, Quận 1, Thành phố Hồ Chí Minh, Việt Nam",10.7680342,106.6979074
CÔNG TY TNHH KHÁCH SẠN BONITA SIGNATURE,"118A Bùi Thị Xuân, Phường Bến Thành, Quận 1, Thành phố Hồ Chí Minh, Việt Nam",10.7703267,106.688616
CÔNG TY TNHH KHÁCH SẠN MẠNH HÙNG,"18B/1 và 18B/3 Nguyễn Thị Minh Khai, Phường Đa Kao, Quận 1, Thành phố Hồ Chí Minh, Việt Nam",10.7855614,106.7002109
CÔNG TY TNHH DỊCH VỤ - THƯƠNG MẠI - KHÁCH SẠN HIẾU NGUYỄN,"10-12 Nguyễn Trãi, Phường Bến Thành, Quận 1, Thành phố Hồ Chí Minh, Việt Nam",10.7712572,106.6927982
CÔNG TY TNHH KHÁCH SẠN NGUYỄN NAM,"237 Phạm Ngũ Lão, Phường Phạm Ngũ Lão, Quận 1, Thành phố Hồ Chí Minh, Việt Nam",10.7681332,106.692535
CÔNG TY TNHH THƯƠNG MẠI DỊCH VỤ KHÁCH SẠN QUÝ PHƯƠNG BẮC,"12 Lý Tự Trọng, Phường Bến Nghé, Quận 1, Thành phố Hồ Chí Minh, Việt Nam",10.782114,106.7045665
CÔNG TY CỔ PHẦN QUẢN LÝ NHÀ HÀNG KHÁCH SẠN BT,"58 Hồ Hảo Hớn, Phường Cô Giang, Quận 1, Thành phố Hồ Chí Minh, Việt Nam",10.7621085,106.6917628
CÔNG TY TNHH THƯƠNG MẠI KHÁCH SẠN HẠ VY,"16 – 18 Đỗ Quang Đẩu, Phường Phạm Ngũ Lão, Quận 1, Thành phố Hồ Chí Minh, Việt Nam",10.7664131,106.6911623
CÔNG TY TNHH MỘT THÀNH VIÊN KHÁCH SẠN SILVERLAND YEN,"73 - 75 Thủ Khoa Huân, Phường Bến Thành, Quận 1, Thành phố Hồ Chí Minh, Việt Nam",10.7747117,106.6962442
CÔNG TY TNHH DỊCH VỤ DU LỊCH KHÁCH SẠN MỘT THOÁNG SÀI GÒN,"33 BÙI THỊ XUÂN, Phường Bến Thành, Quận 1, Thành phố Hồ Chí Minh, Việt Nam",10.7713041,106.6900878
CÔNG TY TNHH KHÁCH SẠN DYN OPERA,"Số 18, Đường Cao Bá Quát, Phường Bến Nghé, Quận 1, Thành phố Hồ Chí Minh, Việt Nam",10.778054,106.7041436
CÔNG TY TNHH KHÁCH SẠN MEOW,"373/3 Phạm Ngũ Lão, Phường Phạm Ngũ Lão, Quận 1, Thành phố Hồ Chí Minh, Việt Nam",10.7668962,106.6895063
CÔNG TY TNHH  KHÁCH SẠN HOTEL,"271 Lê Thánh Tôn, Phường Bến Thành, Quận 1, Thành phố Hồ Chí Minh, Việt Nam",10.7718114,106.6956762
CÔNG TY TNHH TM DV NHÀ HÀNG KHÁCH SẠN SÔNG MÃ,"Số 64 Nguyễn Đình Chiểu, Phường Đa Kao, Quận 1, Thành phố Hồ Chí Minh, Việt Nam",10.7885046,106.6993671
CÔNG TY TNHH KINH DOANH KHÁCH SẠN THÀNH ĐẠT,"87 Nguyễn Văn Thủ, Phường Đa Kao, Quận 1, Thành phố Hồ Chí Minh, Việt Nam",10.7903935,106.6995773
CÔNG TY TNHH KHÁCH SẠN THIÊN NHÀN,"168/57 Nguyễn Cư Trinh, Phường Nguyễn Cư Trinh, Quận 1, Thành phố Hồ Chí Minh, Việt Nam",10.7638151,106.6883728
CÔNG TY TNHH KHÁCH SẠN SUNWAY,"53 Huỳnh Thúc Kháng, Phường Bến Nghé, Quận 1, Thành phố Hồ Chí Minh, Việt Nam",10.7723078,106.7021969
CÔNG TY TNHH  KHÁCH SẠN KIERA,"120 Đề Thám, Phường Cầu Ông Lãnh, Quận 1, Thành phố Hồ Chí Minh, Việt Nam",10.764783,106.695173
CÔNG TY TNHH KHÁCH SẠN VÀ DU LỊCH MINH PHÚC,"120 Lý Tự Trọng , Phường Bến Thành, Quận 1, Thành phố Hồ Chí Minh, Việt Nam",10.7740304,106.6967788
CÔNG TY TNHH KHÁCH SẠN CON MÈO,"47 Nguyễn Trãi, Phường Bến Thành, Quận 1, Thành phố Hồ Chí Minh, Việt Nam",10.7705467,106.6924486
Xí nghiệp bán lẻ xăng dầu - Công ty xăng dầu Khu vực 2 - CHXD số 40,"1B Phạm Ngũ Lão, Quận 1",10.767632,106.691534
Xí nghiệp bán lẻ xăng dầu - Công ty xăng dầu Khu vực 2 - CHXD số 1,"134-136 Hai Bà Trưng, phường Đa Kao, quận 1",10.7838327,106.6970611
Xí nghiệp bán lẻ xăng dầu - Công ty xăng dầu Khu vực 2 - CHXD số 3,"102 Phạm Hồng Thái, Quận 1",10.7711276,106.6946778
Công ty Cổ phần Nhiên liệu Sài Gòn-CHXD số 9,"52 Bùi Thị Xuân, Quận 1",10.7716119,106.6898229
Công ty CP TM DV Cần Giờ,"61 Trần Hưng Đạo, Quận 1",10.768976,106.6966406
Công ty Cổ phần Vật tư xăng dầu Comeco - CHXD số 18,"42-44 Võ Thị Sáu, Quận 1",10.7903636,106.6942742